date,type,factor,buy_old,sell_old,buy_new,sell_new,day_median
2015-03-02,DONGA BANK,1000.0,35000.0,36000.0,35000000.0,36000000.0,36000000.0
2015-03-02,MARITIME BANK,1000.0,35000.0,36000.0,35000000.0,36000000.0,36000000.0
2015-03-02,Ngọc Hải (NHJ) TP.HCM,1000.0,35000.0,36000.0,35000000.0,36000000.0,36000000.0
2015-03-02,Ngọc Hải (NHJ) Tiền Giang,1000.0,35000.0,36000.0,35000000.0,36000000.0,36000000.0
2015-03-02,Phượng Hoàng PNJ Đông Á,1000.0,33000.0,33000.0,33000000.0,33000000.0,36000000.0
2015-03-02,SACOMBANK,1000.0,35000.0,35000.0,35000000.0,35000000.0,36000000.0
2015-03-02,TECHCOMBANK,1000.0,36000.0,36000.0,36000000.0,36000000.0,36000000.0
2015-03-02,VIETNAMGOLD,1000.0,35000.0,36000.0,35000000.0,36000000.0,36000000.0
2015-03-02,VPBANK,1000.0,35000.0,36000.0,35000000.0,36000000.0,36000000.0
2015-03-09,DONGA BANK,1000.0,35000.0,35000.0,35000000.0,35000000.0,35180000.0
2015-03-09,MARITIME BANK,1000.0,35000.0,35000.0,35000000.0,35000000.0,35180000.0
2015-03-09,Ngọc Hải (NHJ) TP.HCM,1000.0,35000.0,35000.0,35000000.0,35000000.0,35180000.0
2015-03-09,Ngọc Hải (NHJ) Tiền Giang,1000.0,35000.0,35000.0,35000000.0,35000000.0,35180000.0
2015-03-09,Phượng Hoàng PNJ Đông Á,1000.0,32000.0,32000.0,32000000.0,32000000.0,35180000.0
2015-03-09,SACOMBANK,1000.0,35000.0,35000.0,35000000.0,35000000.0,35180000.0
2015-03-09,TECHCOMBANK,1000.0,35000.0,35000.0,35000000.0,35000000.0,35180000.0
2015-03-09,VIETNAMGOLD,1000.0,35000.0,35000.0,35000000.0,35000000.0,35180000.0
2015-03-09,VPBANK,1000.0,35000.0,35000.0,35000000.0,35000000.0,35180000.0
2015-03-10,DONGA BANK,1000.0,35000.0,35000.0,35000000.0,35000000.0,35180000.0
2015-03-10,MARITIME BANK,1000.0,35000.0,35000.0,35000000.0,35000000.0,35180000.0
2015-03-10,Ngọc Hải (NHJ) TP.HCM,1000.0,35000.0,35000.0,35000000.0,35000000.0,35180000.0
2015-03-10,Ngọc Hải (NHJ) Tiền Giang,1000.0,35000.0,35000.0,35000000.0,35000000.0,35180000.0
2015-03-10,Phượng Hoàng PNJ Đông Á,1000.0,32000.0,32000.0,32000000.0,32000000.0,35180000.0
2015-03-10,SACOMBANK,1000.0,35000.0,35000.0,35000000.0,35000000.0,35180000.0
2015-03-10,TECHCOMBANK,1000.0,35000.0,35000.0,35000000.0,35000000.0,35180000.0
2015-03-10,VIETNAMGOLD,1000.0,35000.0,35000.0,35000000.0,35000000.0,35180000.0
2015-03-10,VPBANK,1000.0,35000.0,35000.0,35000000.0,35000000.0,35180000.0
2015-03-11,DONGA BANK,1000.0,35000.0,35000.0,35000000.0,35000000.0,35180000.0
2015-03-11,MARITIME BANK,1000.0,35000.0,35000.0,35000000.0,35000000.0,35180000.0
2015-03-11,Ngọc Hải (NHJ) TP.HCM,1000.0,35000.0,35000.0,35000000.0,35000000.0,35180000.0
2015-03-11,Ngọc Hải (NHJ) Tiền Giang,1000.0,35000.0,35000.0,35000000.0,35000000.0,35180000.0
2015-03-11,Phượng Hoàng PNJ Đông Á,1000.0,32000.0,32000.0,32000000.0,32000000.0,35180000.0
2015-03-11,SACOMBANK,1000.0,35000.0,35000.0,35000000.0,35000000.0,35180000.0
2015-03-11,TECHCOMBANK,1000.0,35000.0,35000.0,35000000.0,35000000.0,35180000.0
2015-03-11,VIETNAMGOLD,1000.0,35000.0,35000.0,35000000.0,35000000.0,35180000.0
2015-03-11,VPBANK,1000.0,35000.0,35000.0,35000000.0,35000000.0,35180000.0
2015-03-12,DONGA BANK,1000.0,35000.0,35000.0,35000000.0,35000000.0,35000000.0
2015-03-12,MARITIME BANK,1000.0,35000.0,35000.0,35000000.0,35000000.0,35000000.0
2015-03-12,Ngọc Hải (NHJ) TP.HCM,1000.0,35000.0,35000.0,35000000.0,35000000.0,35000000.0
2015-03-12,Ngọc Hải (NHJ) Tiền Giang,1000.0,35000.0,35000.0,35000000.0,35000000.0,35000000.0
2015-03-12,Phượng Hoàng PNJ Đông Á,1000.0,31000.0,32000.0,31000000.0,32000000.0,35000000.0
2015-03-12,SACOMBANK,1000.0,35000.0,35000.0,35000000.0,35000000.0,35000000.0
2015-03-12,TECHCOMBANK,1000.0,35000.0,35000.0,35000000.0,35000000.0,35000000.0
2015-03-12,VIETNAMGOLD,1000.0,35000.0,35000.0,35000000.0,35000000.0,35000000.0
2015-03-12,VPBANK,1000.0,35000.0,35000.0,35000000.0,35000000.0,35000000.0
2015-03-16,DONGA BANK,1000.0,35000.0,35000.0,35000000.0,35000000.0,35180000.0
2015-03-16,MARITIME BANK,1000.0,35000.0,35000.0,35000000.0,35000000.0,35180000.0
2015-03-16,Ngọc Hải (NHJ) TP.HCM,1000.0,35000.0,35000.0,35000000.0,35000000.0,35180000.0
2015-03-16,Ngọc Hải (NHJ) Tiền Giang,1000.0,35000.0,35000.0,35000000.0,35000000.0,35180000.0
2015-03-16,Phượng Hoàng PNJ Đông Á,1000.0,31000.0,32000.0,31000000.0,32000000.0,35180000.0
2015-03-16,SACOMBANK,1000.0,35000.0,35000.0,35000000.0,35000000.0,35180000.0
2015-03-16,TECHCOMBANK,1000.0,35000.0,35000.0,35000000.0,35000000.0,35180000.0
2015-03-16,VIETNAMGOLD,1000.0,35000.0,35000.0,35000000.0,35000000.0,35180000.0
2015-03-16,VPBANK,1000.0,35000.0,35000.0,35000000.0,35000000.0,35180000.0
2015-03-17,DONGA BANK,1000.0,35000.0,35000.0,35000000.0,35000000.0,35180000.0
2015-03-17,MARITIME BANK,1000.0,35000.0,35000.0,35000000.0,35000000.0,35180000.0
2015-03-17,Ngọc Hải (NHJ) TP.HCM,1000.0,35000.0,35000.0,35000000.0,35000000.0,35180000.0
2015-03-17,Ngọc Hải (NHJ) Tiền Giang,1000.0,35000.0,35000.0,35000000.0,35000000.0,35180000.0
2015-03-17,SACOMBANK,1000.0,35000.0,35000.0,35000000.0,35000000.0,35180000.0
2015-03-17,TECHCOMBANK,1000.0,35000.0,35000.0,35000000.0,35000000.0,35180000.0
2015-03-17,VIETNAMGOLD,1000.0,35000.0,35000.0,35000000.0,35000000.0,35180000.0
2015-03-17,VPBANK,1000.0,35000.0,35000.0,35000000.0,35000000.0,35180000.0
2015-03-18,DONGA BANK,1000.0,35000.0,35000.0,35000000.0,35000000.0,35180000.0
2015-03-18,MARITIME BANK,1000.0,35000.0,35000.0,35000000.0,35000000.0,35180000.0
2015-03-18,Ngọc Hải (NHJ) TP.HCM,1000.0,35000.0,35000.0,35000000.0,35000000.0,35180000.0
2015-03-18,Ngọc Hải (NHJ) Tiền Giang,1000.0,35000.0,35000.0,35000000.0,35000000.0,35180000.0
2015-03-18,Phượng Hoàng PNJ Đông Á,1000.0,31000.0,32000.0,31000000.0,32000000.0,35180000.0
2015-03-18,SACOMBANK,1000.0,35000.0,35000.0,35000000.0,35000000.0,35180000.0
2015-03-18,TECHCOMBANK,1000.0,35000.0,35000.0,35000000.0,35000000.0,35180000.0
2015-03-18,VIETNAMGOLD,1000.0,35000.0,35000.0,35000000.0,35000000.0,35180000.0
2015-03-18,VPBANK,1000.0,35000.0,35000.0,35000000.0,35000000.0,35180000.0
2015-03-19,DONGA BANK,1000.0,35000.0,35000.0,35000000.0,35000000.0,35000000.0
2015-03-19,MARITIME BANK,1000.0,35000.0,35000.0,35000000.0,35000000.0,35000000.0
2015-03-19,Ngọc Hải (NHJ) TP.HCM,1000.0,35000.0,35000.0,35000000.0,35000000.0,35000000.0
2015-03-19,Ngọc Hải (NHJ) Tiền Giang,1000.0,35000.0,35000.0,35000000.0,35000000.0,35000000.0
2015-03-19,SACOMBANK,1000.0,35000.0,35000.0,35000000.0,35000000.0,35000000.0
2015-03-19,TECHCOMBANK,1000.0,35000.0,35000.0,35000000.0,35000000.0,35000000.0
2015-03-19,VIETNAMGOLD,1000.0,35000.0,35000.0,35000000.0,35000000.0,35000000.0
2015-03-19,VPBANK,1000.0,35000.0,35000.0,35000000.0,35000000.0,35000000.0
2015-03-20,DONGA BANK,1000.0,35000.0,35000.0,35000000.0,35000000.0,35180000.0
2015-03-20,MARITIME BANK,1000.0,35000.0,35000.0,35000000.0,35000000.0,35180000.0
2015-03-20,Ngọc Hải (NHJ) TP.HCM,1000.0,35000.0,35000.0,35000000.0,35000000.0,35180000.0
2015-03-20,Ngọc Hải (NHJ) Tiền Giang,1000.0,35000.0,35000.0,35000000.0,35000000.0,35180000.0
2015-03-20,Phượng Hoàng PNJ Đông Á,1000.0,32000.0,32000.0,32000000.0,32000000.0,35180000.0
2015-03-20,SACOMBANK,1000.0,35000.0,35000.0,35000000.0,35000000.0,35180000.0
2015-03-20,TECHCOMBANK,1000.0,35000.0,35000.0,35000000.0,35000000.0,35180000.0
2015-03-20,VIETNAMGOLD,1000.0,35000.0,35000.0,35000000.0,35000000.0,35180000.0
2015-03-20,VPBANK,1000.0,35000.0,35000.0,35000000.0,35000000.0,35180000.0
2015-03-21,DONGA BANK,1000.0,35000.0,35000.0,35000000.0,35000000.0,35180000.0
2015-03-21,MARITIME BANK,1000.0,35000.0,35000.0,35000000.0,35000000.0,35180000.0
2015-03-21,Ngọc Hải (NHJ) TP.HCM,1000.0,35000.0,35000.0,35000000.0,35000000.0,35180000.0
2015-03-21,Ngọc Hải (NHJ) Tiền Giang,1000.0,35000.0,35000.0,35000000.0,35000000.0,35180000.0
2015-03-21,Phượng Hoàng PNJ Đông Á,1000.0,32000.0,32000.0,32000000.0,32000000.0,35180000.0
2015-03-21,SACOMBANK,1000.0,35000.0,35000.0,35000000.0,35000000.0,35180000.0
2015-03-21,TECHCOMBANK,1000.0,35000.0,35000.0,35000000.0,35000000.0,35180000.0
2015-03-21,VIETNAMGOLD,1000.0,35000.0,35000.0,35000000.0,35000000.0,35180000.0
2015-03-21,VPBANK,1000.0,35000.0,35000.0,35000000.0,35000000.0,35180000.0
2015-03-23,DONGA BANK,1000.0,35000.0,35000.0,35000000.0,35000000.0,35180000.0
2015-03-23,MARITIME BANK,1000.0,35000.0,35000.0,35000000.0,35000000.0,35180000.0
2015-03-23,Ngọc Hải (NHJ) TP.HCM,1000.0,35000.0,35000.0,35000000.0,35000000.0,35180000.0
2015-03-23,Ngọc Hải (NHJ) Tiền Giang,1000.0,35000.0,35000.0,35000000.0,35000000.0,35180000.0
2015-03-23,Phượng Hoàng PNJ Đông Á,1000.0,32000.0,32000.0,32000000.0,32000000.0,35180000.0
2015-03-23,SACOMBANK,1000.0,35000.0,35000.0,35000000.0,35000000.0,35180000.0
2015-03-23,TECHCOMBANK,1000.0,35000.0,35000.0,35000000.0,35000000.0,35180000.0
2015-03-23,VIETNAMGOLD,1000.0,35000.0,35000.0,35000000.0,35000000.0,35180000.0
2015-03-23,VPBANK,1000.0,35000.0,35000.0,35000000.0,35000000.0,35180000.0
2015-03-24,DONGA BANK,1000.0,35000.0,35000.0,35000000.0,35000000.0,35000000.0
2015-03-24,MARITIME BANK,1000.0,35000.0,35000.0,35000000.0,35000000.0,35000000.0
2015-03-24,Ngọc Hải (NHJ) TP.HCM,1000.0,35000.0,35000.0,35000000.0,35000000.0,35000000.0
2015-03-24,Ngọc Hải (NHJ) Tiền Giang,1000.0,35000.0,35000.0,35000000.0,35000000.0,35000000.0
2015-03-24,Phượng Hoàng PNJ Đông Á,1000.0,32000.0,32000.0,32000000.0,32000000.0,35000000.0
2015-03-24,SACOMBANK,1000.0,35000.0,35000.0,35000000.0,35000000.0,35000000.0
2015-03-24,TECHCOMBANK,1000.0,35000.0,35000.0,35000000.0,35000000.0,35000000.0
2015-03-24,VIETNAMGOLD,1000.0,35000.0,35000.0,35000000.0,35000000.0,35000000.0
2015-03-24,VPBANK,1000.0,35000.0,35000.0,35000000.0,35000000.0,35000000.0
2015-03-25,DONGA BANK,1000.0,35000.0,35000.0,35000000.0,35000000.0,35180000.0
2015-03-25,MARITIME BANK,1000.0,35000.0,35000.0,35000000.0,35000000.0,35180000.0
2015-03-25,Ngọc Hải (NHJ) TP.HCM,1000.0,35000.0,35000.0,35000000.0,35000000.0,35180000.0
2015-03-25,Ngọc Hải (NHJ) Tiền Giang,1000.0,35000.0,35000.0,35000000.0,35000000.0,35180000.0
2015-03-25,Phượng Hoàng PNJ Đông Á,1000.0,32000.0,32000.0,32000000.0,32000000.0,35180000.0
2015-03-25,SACOMBANK,1000.0,35000.0,35000.0,35000000.0,35000000.0,35180000.0
2015-03-25,TECHCOMBANK,1000.0,35000.0,35000.0,35000000.0,35000000.0,35180000.0
2015-03-25,VIETNAMGOLD,1000.0,35000.0,35000.0,35000000.0,35000000.0,35180000.0
2015-03-25,VPBANK,1000.0,35000.0,35000.0,35000000.0,35000000.0,35180000.0
2015-03-26,DONGA BANK,1000.0,35000.0,35000.0,35000000.0,35000000.0,35180000.0
2015-03-26,MARITIME BANK,1000.0,35000.0,35000.0,35000000.0,35000000.0,35180000.0
2015-03-26,Ngọc Hải (NHJ) TP.HCM,1000.0,35000.0,35000.0,35000000.0,35000000.0,35180000.0
2015-03-26,Ngọc Hải (NHJ) Tiền Giang,1000.0,35000.0,35000.0,35000000.0,35000000.0,35180000.0
2015-03-26,Phượng Hoàng PNJ Đông Á,1000.0,32000.0,32000.0,32000000.0,32000000.0,35180000.0
2015-03-26,SACOMBANK,1000.0,35000.0,35000.0,35000000.0,35000000.0,35180000.0
2015-03-26,TECHCOMBANK,1000.0,35000.0,35000.0,35000000.0,35000000.0,35180000.0
2015-03-26,VIETNAMGOLD,1000.0,35000.0,35000.0,35000000.0,35000000.0,35180000.0
2015-03-26,VPBANK,1000.0,35000.0,35000.0,35000000.0,35000000.0,35180000.0
2015-03-27,DONGA BANK,1000.0,35000.0,35000.0,35000000.0,35000000.0,35180000.0
2015-03-27,MARITIME BANK,1000.0,35000.0,35000.0,35000000.0,35000000.0,35180000.0
2015-03-27,Ngọc Hải (NHJ) TP.HCM,1000.0,35000.0,35000.0,35000000.0,35000000.0,35180000.0
2015-03-27,Ngọc Hải (NHJ) Tiền Giang,1000.0,35000.0,35000.0,35000000.0,35000000.0,35180000.0
2015-03-27,Phượng Hoàng PNJ Đông Á,1000.0,32000.0,32000.0,32000000.0,32000000.0,35180000.0
2015-03-27,SACOMBANK,1000.0,35000.0,35000.0,35000000.0,35000000.0,35180000.0
2015-03-27,TECHCOMBANK,1000.0,35000.0,35000.0,35000000.0,35000000.0,35180000.0
2015-03-27,VIETNAMGOLD,1000.0,35000.0,35000.0,35000000.0,35000000.0,35180000.0
2015-03-27,VPBANK,1000.0,35000.0,35000.0,35000000.0,35000000.0,35180000.0
2015-03-28,DONGA BANK,1000.0,35000.0,35000.0,35000000.0,35000000.0,35180000.0
2015-03-28,MARITIME BANK,1000.0,35000.0,35000.0,35000000.0,35000000.0,35180000.0
2015-03-28,Ngọc Hải (NHJ) TP.HCM,1000.0,35000.0,35000.0,35000000.0,35000000.0,35180000.0
2015-03-28,Ngọc Hải (NHJ) Tiền Giang,1000.0,35000.0,35000.0,35000000.0,35000000.0,35180000.0
2015-03-28,Phượng Hoàng PNJ Đông Á,1000.0,32000.0,32000.0,32000000.0,32000000.0,35180000.0
2015-03-28,SACOMBANK,1000.0,35000.0,35000.0,35000000.0,35000000.0,35180000.0
2015-03-28,TECHCOMBANK,1000.0,35000.0,35000.0,35000000.0,35000000.0,35180000.0
2015-03-28,VIETNAMGOLD,1000.0,35000.0,35000.0,35000000.0,35000000.0,35180000.0
2015-03-28,VPBANK,1000.0,35000.0,35000.0,35000000.0,35000000.0,35180000.0
2015-03-30,DONGA BANK,1000.0,35000.0,35000.0,35000000.0,35000000.0,35180000.0
2015-03-30,MARITIME BANK,1000.0,35000.0,35000.0,35000000.0,35000000.0,35180000.0
2015-03-30,Ngọc Hải (NHJ) TP.HCM,1000.0,35000.0,35000.0,35000000.0,35000000.0,35180000.0
2015-03-30,Ngọc Hải (NHJ) Tiền Giang,1000.0,35000.0,35000.0,35000000.0,35000000.0,35180000.0
2015-03-30,Phượng Hoàng PNJ Đông Á,1000.0,32000.0,32000.0,32000000.0,32000000.0,35180000.0
2015-03-30,SACOMBANK,1000.0,35000.0,35000.0,35000000.0,35000000.0,35180000.0
2015-03-30,TECHCOMBANK,1000.0,35000.0,35000.0,35000000.0,35000000.0,35180000.0
2015-03-30,VIETNAMGOLD,1000.0,35000.0,35000.0,35000000.0,35000000.0,35180000.0
2015-03-30,VPBANK,1000.0,35000.0,35000.0,35000000.0,35000000.0,35180000.0
2015-03-31,DONGA BANK,1000.0,35000.0,35000.0,35000000.0,35000000.0,35180000.0
2015-03-31,MARITIME BANK,1000.0,35000.0,35000.0,35000000.0,35000000.0,35180000.0
2015-03-31,Ngọc Hải (NHJ) TP.HCM,1000.0,35000.0,35000.0,35000000.0,35000000.0,35180000.0
2015-03-31,Ngọc Hải (NHJ) Tiền Giang,1000.0,35000.0,35000.0,35000000.0,35000000.0,35180000.0
2015-03-31,Phượng Hoàng PNJ Đông Á,1000.0,32000.0,32000.0,32000000.0,32000000.0,35180000.0
2015-03-31,SACOMBANK,1000.0,35000.0,35000.0,35000000.0,35000000.0,35180000.0
2015-03-31,TECHCOMBANK,1000.0,35000.0,35000.0,35000000.0,35000000.0,35180000.0
2015-03-31,VIETNAMGOLD,1000.0,35000.0,35000.0,35000000.0,35000000.0,35180000.0
2015-03-31,VPBANK,1000.0,35000.0,35000.0,35000000.0,35000000.0,35180000.0
2015-04-01,DONGA BANK,1000.0,35000.0,35000.0,35000000.0,35000000.0,35180000.0
2015-04-01,MARITIME BANK,1000.0,35000.0,35000.0,35000000.0,35000000.0,35180000.0
2015-04-01,Ngọc Hải (NHJ) TP.HCM,1000.0,35000.0,35000.0,35000000.0,35000000.0,35180000.0
2015-04-01,Ngọc Hải (NHJ) Tiền Giang,1000.0,35000.0,35000.0,35000000.0,35000000.0,35180000.0
2015-04-01,Phượng Hoàng PNJ Đông Á,1000.0,32000.0,32000.0,32000000.0,32000000.0,35180000.0
2015-04-01,SACOMBANK,1000.0,35000.0,35000.0,35000000.0,35000000.0,35180000.0
2015-04-01,TECHCOMBANK,1000.0,35000.0,35000.0,35000000.0,35000000.0,35180000.0
2015-04-01,VIETNAMGOLD,1000.0,35000.0,35000.0,35000000.0,35000000.0,35180000.0
2015-04-01,VPBANK,1000.0,35000.0,35000.0,35000000.0,35000000.0,35180000.0
2015-04-02,DONGA BANK,1000.0,35000.0,35000.0,35000000.0,35000000.0,35180000.0
2015-04-02,MARITIME BANK,1000.0,35000.0,35000.0,35000000.0,35000000.0,35180000.0
2015-04-02,Ngọc Hải (NHJ) TP.HCM,1000.0,35000.0,35000.0,35000000.0,35000000.0,35180000.0
2015-04-02,Ngọc Hải (NHJ) Tiền Giang,1000.0,35000.0,35000.0,35000000.0,35000000.0,35180000.0
2015-04-02,SACOMBANK,1000.0,35000.0,35000.0,35000000.0,35000000.0,35180000.0
2015-04-02,TECHCOMBANK,1000.0,35000.0,35000.0,35000000.0,35000000.0,35180000.0
2015-04-02,VIETNAMGOLD,1000.0,35000.0,35000.0,35000000.0,35000000.0,35180000.0
2015-04-02,VPBANK,1000.0,35000.0,35000.0,35000000.0,35000000.0,35180000.0
2015-04-03,DONGA BANK,1000.0,35000.0,35000.0,35000000.0,35000000.0,35180000.0
2015-04-03,MARITIME BANK,1000.0,35000.0,35000.0,35000000.0,35000000.0,35180000.0
2015-04-03,Ngọc Hải (NHJ) TP.HCM,1000.0,35000.0,35000.0,35000000.0,35000000.0,35180000.0
2015-04-03,Ngọc Hải (NHJ) Tiền Giang,1000.0,35000.0,35000.0,35000000.0,35000000.0,35180000.0
2015-04-03,Phượng Hoàng PNJ Đông Á,1000.0,32000.0,33000.0,32000000.0,33000000.0,35180000.0
2015-04-03,SACOMBANK,1000.0,35000.0,35000.0,35000000.0,35000000.0,35180000.0
2015-04-03,TECHCOMBANK,1000.0,35000.0,35000.0,35000000.0,35000000.0,35180000.0
2015-04-03,VIETNAMGOLD,1000.0,35000.0,35000.0,35000000.0,35000000.0,35180000.0
2015-04-03,VPBANK,1000.0,35000.0,35000.0,35000000.0,35000000.0,35180000.0
2015-04-04,DONGA BANK,1000.0,35000.0,35000.0,35000000.0,35000000.0,35180000.0
2015-04-04,MARITIME BANK,1000.0,35000.0,35000.0,35000000.0,35000000.0,35180000.0
2015-04-04,Ngọc Hải (NHJ) TP.HCM,1000.0,35000.0,35000.0,35000000.0,35000000.0,35180000.0
2015-04-04,Ngọc Hải (NHJ) Tiền Giang,1000.0,35000.0,35000.0,35000000.0,35000000.0,35180000.0
2015-04-04,Phượng Hoàng PNJ Đông Á,1000.0,32000.0,32000.0,32000000.0,32000000.0,35180000.0
2015-04-04,SACOMBANK,1000.0,35000.0,35000.0,35000000.0,35000000.0,35180000.0
2015-04-04,TECHCOMBANK,1000.0,35000.0,35000.0,35000000.0,35000000.0,35180000.0
2015-04-04,VIETNAMGOLD,1000.0,35000.0,35000.0,35000000.0,35000000.0,35180000.0
2015-04-04,VPBANK,1000.0,35000.0,35000.0,35000000.0,35000000.0,35180000.0
2015-04-06,DONGA BANK,1000.0,35000.0,35000.0,35000000.0,35000000.0,35180000.0
2015-04-06,MARITIME BANK,1000.0,35000.0,35000.0,35000000.0,35000000.0,35180000.0
2015-04-06,Ngọc Hải (NHJ) TP.HCM,1000.0,35000.0,35000.0,35000000.0,35000000.0,35180000.0
2015-04-06,Ngọc Hải (NHJ) Tiền Giang,1000.0,35000.0,35000.0,35000000.0,35000000.0,35180000.0
2015-04-06,SACOMBANK,1000.0,35000.0,35000.0,35000000.0,35000000.0,35180000.0
2015-04-06,TECHCOMBANK,1000.0,35000.0,35000.0,35000000.0,35000000.0,35180000.0
2015-04-06,VIETNAMGOLD,1000.0,35000.0,35000.0,35000000.0,35000000.0,35180000.0
2015-04-06,VPBANK,1000.0,35000.0,35000.0,35000000.0,35000000.0,35180000.0
2015-04-07,DONGA BANK,1000.0,35000.0,35000.0,35000000.0,35000000.0,35180000.0
2015-04-07,MARITIME BANK,1000.0,35000.0,35000.0,35000000.0,35000000.0,35180000.0
2015-04-07,Ngọc Hải (NHJ) TP.HCM,1000.0,35000.0,35000.0,35000000.0,35000000.0,35180000.0
2015-04-07,Ngọc Hải (NHJ) Tiền Giang,1000.0,35000.0,35000.0,35000000.0,35000000.0,35180000.0
2015-04-07,Phượng Hoàng PNJ Đông Á,1000.0,32000.0,33000.0,32000000.0,33000000.0,35180000.0
2015-04-07,SACOMBANK,1000.0,35000.0,35000.0,35000000.0,35000000.0,35180000.0
2015-04-07,TECHCOMBANK,1000.0,35000.0,35000.0,35000000.0,35000000.0,35180000.0
2015-04-07,VIETNAMGOLD,1000.0,35000.0,35000.0,35000000.0,35000000.0,35180000.0
2015-04-07,VPBANK,1000.0,35000.0,35000.0,35000000.0,35000000.0,35180000.0
2015-04-08,DONGA BANK,1000.0,35000.0,35000.0,35000000.0,35000000.0,35180000.0
2015-04-08,MARITIME BANK,1000.0,35000.0,35000.0,35000000.0,35000000.0,35180000.0
2015-04-08,Ngọc Hải (NHJ) TP.HCM,1000.0,35000.0,35000.0,35000000.0,35000000.0,35180000.0
2015-04-08,Ngọc Hải (NHJ) Tiền Giang,1000.0,35000.0,35000.0,35000000.0,35000000.0,35180000.0
2015-04-08,Phượng Hoàng PNJ Đông Á,1000.0,32000.0,33000.0,32000000.0,33000000.0,35180000.0
2015-04-08,SACOMBANK,1000.0,35000.0,35000.0,35000000.0,35000000.0,35180000.0
2015-04-08,TECHCOMBANK,1000.0,35000.0,35000.0,35000000.0,35000000.0,35180000.0
2015-04-08,VIETNAMGOLD,1000.0,35000.0,35000.0,35000000.0,35000000.0,35180000.0
2015-04-08,VPBANK,1000.0,35000.0,35000.0,35000000.0,35000000.0,35180000.0
2015-04-09,DONGA BANK,1000.0,35000.0,35000.0,35000000.0,35000000.0,35180000.0
2015-04-09,MARITIME BANK,1000.0,35000.0,35000.0,35000000.0,35000000.0,35180000.0
2015-04-09,Ngọc Hải (NHJ) TP.HCM,1000.0,35000.0,35000.0,35000000.0,35000000.0,35180000.0
2015-04-09,Ngọc Hải (NHJ) Tiền Giang,1000.0,35000.0,35000.0,35000000.0,35000000.0,35180000.0
2015-04-09,Phượng Hoàng PNJ Đông Á,1000.0,32000.0,33000.0,32000000.0,33000000.0,35180000.0
2015-04-09,SACOMBANK,1000.0,35000.0,35000.0,35000000.0,35000000.0,35180000.0
2015-04-09,TECHCOMBANK,1000.0,35000.0,35000.0,35000000.0,35000000.0,35180000.0
2015-04-09,VIETNAMGOLD,1000.0,35000.0,35000.0,35000000.0,35000000.0,35180000.0
2015-04-09,VPBANK,1000.0,35000.0,35000.0,35000000.0,35000000.0,35180000.0
2015-04-10,DONGA BANK,1000.0,35000.0,35000.0,35000000.0,35000000.0,35000000.0
2015-04-10,MARITIME BANK,1000.0,35000.0,35000.0,35000000.0,35000000.0,35000000.0
2015-04-10,Ngọc Hải (NHJ) TP.HCM,1000.0,35000.0,35000.0,35000000.0,35000000.0,35000000.0
2015-04-10,Ngọc Hải (NHJ) Tiền Giang,1000.0,35000.0,35000.0,35000000.0,35000000.0,35000000.0
2015-04-10,Phượng Hoàng PNJ Đông Á,1000.0,32000.0,32000.0,32000000.0,32000000.0,35000000.0
2015-04-10,SACOMBANK,1000.0,35000.0,35000.0,35000000.0,35000000.0,35000000.0
2015-04-10,TECHCOMBANK,1000.0,35000.0,35000.0,35000000.0,35000000.0,35000000.0
2015-04-10,VIETNAMGOLD,1000.0,35000.0,35000.0,35000000.0,35000000.0,35000000.0
2015-04-10,VPBANK,1000.0,35000.0,35000.0,35000000.0,35000000.0,35000000.0
2015-04-11,DONGA BANK,1000.0,35000.0,35000.0,35000000.0,35000000.0,35180000.0
2015-04-11,MARITIME BANK,1000.0,35000.0,35000.0,35000000.0,35000000.0,35180000.0
2015-04-11,Ngọc Hải (NHJ) TP.HCM,1000.0,35000.0,35000.0,35000000.0,35000000.0,35180000.0
2015-04-11,Ngọc Hải (NHJ) Tiền Giang,1000.0,35000.0,35000.0,35000000.0,35000000.0,35180000.0
2015-04-11,Phượng Hoàng PNJ Đông Á,1000.0,32000.0,33000.0,32000000.0,33000000.0,35180000.0
2015-04-11,SACOMBANK,1000.0,35000.0,35000.0,35000000.0,35000000.0,35180000.0
2015-04-11,TECHCOMBANK,1000.0,35000.0,35000.0,35000000.0,35000000.0,35180000.0
2015-04-11,VIETNAMGOLD,1000.0,35000.0,35000.0,35000000.0,35000000.0,35180000.0
2015-04-11,VPBANK,1000.0,35000.0,35000.0,35000000.0,35000000.0,35180000.0
2015-04-13,DONGA BANK,1000.0,35000.0,35000.0,35000000.0,35000000.0,35180000.0
2015-04-13,MARITIME BANK,1000.0,35000.0,35000.0,35000000.0,35000000.0,35180000.0
2015-04-13,Ngọc Hải (NHJ) TP.HCM,1000.0,35000.0,35000.0,35000000.0,35000000.0,35180000.0
2015-04-13,Ngọc Hải (NHJ) Tiền Giang,1000.0,35000.0,35000.0,35000000.0,35000000.0,35180000.0
2015-04-13,Phượng Hoàng PNJ Đông Á,1000.0,32000.0,33000.0,32000000.0,33000000.0,35180000.0
2015-04-13,SACOMBANK,1000.0,35000.0,35000.0,35000000.0,35000000.0,35180000.0
2015-04-13,TECHCOMBANK,1000.0,35000.0,35000.0,35000000.0,35000000.0,35180000.0
2015-04-13,VIETNAMGOLD,1000.0,35000.0,35000.0,35000000.0,35000000.0,35180000.0
2015-04-13,VPBANK,1000.0,35000.0,35000.0,35000000.0,35000000.0,35180000.0
2015-04-14,DONGA BANK,1000.0,35000.0,35000.0,35000000.0,35000000.0,35180000.0
2015-04-14,MARITIME BANK,1000.0,35000.0,35000.0,35000000.0,35000000.0,35180000.0
2015-04-14,Ngọc Hải (NHJ) TP.HCM,1000.0,35000.0,35000.0,35000000.0,35000000.0,35180000.0
2015-04-14,Ngọc Hải (NHJ) Tiền Giang,1000.0,35000.0,35000.0,35000000.0,35000000.0,35180000.0
2015-04-14,Phượng Hoàng PNJ Đông Á,1000.0,32000.0,33000.0,32000000.0,33000000.0,35180000.0
2015-04-14,SACOMBANK,1000.0,35000.0,35000.0,35000000.0,35000000.0,35180000.0
2015-04-14,TECHCOMBANK,1000.0,35000.0,35000.0,35000000.0,35000000.0,35180000.0
2015-04-14,VIETNAMGOLD,1000.0,35000.0,35000.0,35000000.0,35000000.0,35180000.0
2015-04-14,VPBANK,1000.0,35000.0,35000.0,35000000.0,35000000.0,35180000.0
2015-04-15,DONGA BANK,1000.0,35000.0,35000.0,35000000.0,35000000.0,35180000.0
2015-04-15,MARITIME BANK,1000.0,35000.0,35000.0,35000000.0,35000000.0,35180000.0
2015-04-15,Ngọc Hải (NHJ) TP.HCM,1000.0,35000.0,35000.0,35000000.0,35000000.0,35180000.0
2015-04-15,Ngọc Hải (NHJ) Tiền Giang,1000.0,35000.0,35000.0,35000000.0,35000000.0,35180000.0
2015-04-15,Phượng Hoàng PNJ Đông Á,1000.0,32000.0,33000.0,32000000.0,33000000.0,35180000.0
2015-04-15,SACOMBANK,1000.0,35000.0,35000.0,35000000.0,35000000.0,35180000.0
2015-04-15,TECHCOMBANK,1000.0,35000.0,35000.0,35000000.0,35000000.0,35180000.0
2015-04-15,VIETNAMGOLD,1000.0,35000.0,35000.0,35000000.0,35000000.0,35180000.0
2015-04-15,VPBANK,1000.0,35000.0,35000.0,35000000.0,35000000.0,35180000.0
2015-04-16,DONGA BANK,1000.0,35000.0,35000.0,35000000.0,35000000.0,35180000.0
2015-04-16,MARITIME BANK,1000.0,35000.0,35000.0,35000000.0,35000000.0,35180000.0
2015-04-16,Ngọc Hải (NHJ) TP.HCM,1000.0,35000.0,35000.0,35000000.0,35000000.0,35180000.0
2015-04-16,Ngọc Hải (NHJ) Tiền Giang,1000.0,35000.0,35000.0,35000000.0,35000000.0,35180000.0
2015-04-16,Phượng Hoàng PNJ Đông Á,1000.0,32000.0,32000.0,32000000.0,32000000.0,35180000.0
2015-04-16,SACOMBANK,1000.0,35000.0,35000.0,35000000.0,35000000.0,35180000.0
2015-04-16,TECHCOMBANK,1000.0,35000.0,35000.0,35000000.0,35000000.0,35180000.0
2015-04-16,VIETNAMGOLD,1000.0,35000.0,35000.0,35000000.0,35000000.0,35180000.0
2015-04-16,VPBANK,1000.0,35000.0,35000.0,35000000.0,35000000.0,35180000.0
2015-04-17,DONGA BANK,1000.0,35000.0,35000.0,35000000.0,35000000.0,35180000.0
2015-04-17,MARITIME BANK,1000.0,35000.0,35000.0,35000000.0,35000000.0,35180000.0
2015-04-17,Ngọc Hải (NHJ) TP.HCM,1000.0,35000.0,35000.0,35000000.0,35000000.0,35180000.0
2015-04-17,Ngọc Hải (NHJ) Tiền Giang,1000.0,35000.0,35000.0,35000000.0,35000000.0,35180000.0
2015-04-17,Phượng Hoàng PNJ Đông Á,1000.0,32000.0,33000.0,32000000.0,33000000.0,35180000.0
2015-04-17,SACOMBANK,1000.0,35000.0,35000.0,35000000.0,35000000.0,35180000.0
2015-04-17,TECHCOMBANK,1000.0,35000.0,35000.0,35000000.0,35000000.0,35180000.0
2015-04-17,VIETNAMGOLD,1000.0,35000.0,35000.0,35000000.0,35000000.0,35180000.0
2015-04-17,VPBANK,1000.0,35000.0,35000.0,35000000.0,35000000.0,35180000.0
2015-04-20,DONGA BANK,1000.0,35000.0,35000.0,35000000.0,35000000.0,35180000.0
2015-04-20,MARITIME BANK,1000.0,35000.0,35000.0,35000000.0,35000000.0,35180000.0
2015-04-20,Ngọc Hải (NHJ) TP.HCM,1000.0,35000.0,35000.0,35000000.0,35000000.0,35180000.0
2015-04-20,Ngọc Hải (NHJ) Tiền Giang,1000.0,35000.0,35000.0,35000000.0,35000000.0,35180000.0
2015-04-20,Phượng Hoàng PNJ Đông Á,1000.0,32000.0,33000.0,32000000.0,33000000.0,35180000.0
2015-04-20,SACOMBANK,1000.0,35000.0,35000.0,35000000.0,35000000.0,35180000.0
2015-04-20,VIETNAMGOLD,1000.0,35000.0,35000.0,35000000.0,35000000.0,35180000.0
2015-04-20,VPBANK,1000.0,35000.0,35000.0,35000000.0,35000000.0,35180000.0
2015-04-21,DONGA BANK,1000.0,35000.0,35000.0,35000000.0,35000000.0,35180000.0
2015-04-21,MARITIME BANK,1000.0,35000.0,35000.0,35000000.0,35000000.0,35180000.0
2015-04-21,Ngọc Hải (NHJ) TP.HCM,1000.0,35000.0,35000.0,35000000.0,35000000.0,35180000.0
2015-04-21,Ngọc Hải (NHJ) Tiền Giang,1000.0,35000.0,35000.0,35000000.0,35000000.0,35180000.0
2015-04-21,Phượng Hoàng PNJ Đông Á,1000.0,32000.0,33000.0,32000000.0,33000000.0,35180000.0
2015-04-21,SACOMBANK,1000.0,35000.0,35000.0,35000000.0,35000000.0,35180000.0
2015-04-21,VIETNAMGOLD,1000.0,35000.0,35000.0,35000000.0,35000000.0,35180000.0
2015-04-21,VPBANK,1000.0,35000.0,35000.0,35000000.0,35000000.0,35180000.0
2015-04-22,DONGA BANK,1000.0,35000.0,35000.0,35000000.0,35000000.0,35180000.0
2015-04-22,MARITIME BANK,1000.0,35000.0,35000.0,35000000.0,35000000.0,35180000.0
2015-04-22,Ngọc Hải (NHJ) TP.HCM,1000.0,35000.0,35000.0,35000000.0,35000000.0,35180000.0
2015-04-22,Ngọc Hải (NHJ) Tiền Giang,1000.0,35000.0,35000.0,35000000.0,35000000.0,35180000.0
2015-04-22,Phượng Hoàng PNJ Đông Á,1000.0,32000.0,33000.0,32000000.0,33000000.0,35180000.0
2015-04-22,SACOMBANK,1000.0,35000.0,35000.0,35000000.0,35000000.0,35180000.0
2015-04-22,VIETNAMGOLD,1000.0,35000.0,35000.0,35000000.0,35000000.0,35180000.0
2015-04-22,VPBANK,1000.0,35000.0,35000.0,35000000.0,35000000.0,35180000.0
2015-04-23,DONGA BANK,1000.0,35000.0,35000.0,35000000.0,35000000.0,35180000.0
2015-04-23,MARITIME BANK,1000.0,35000.0,35000.0,35000000.0,35000000.0,35180000.0
2015-04-23,Ngọc Hải (NHJ) TP.HCM,1000.0,35000.0,35000.0,35000000.0,35000000.0,35180000.0
2015-04-23,Ngọc Hải (NHJ) Tiền Giang,1000.0,35000.0,35000.0,35000000.0,35000000.0,35180000.0
2015-04-23,Phượng Hoàng PNJ Đông Á,1000.0,32000.0,32000.0,32000000.0,32000000.0,35180000.0
2015-04-23,SACOMBANK,1000.0,35000.0,35000.0,35000000.0,35000000.0,35180000.0
2015-04-23,VIETNAMGOLD,1000.0,35000.0,35000.0,35000000.0,35000000.0,35180000.0
2015-04-23,VPBANK,1000.0,35000.0,35000.0,35000000.0,35000000.0,35180000.0
2015-04-24,DONGA BANK,1000.0,35000.0,35000.0,35000000.0,35000000.0,35180000.0
2015-04-24,MARITIME BANK,1000.0,35000.0,35000.0,35000000.0,35000000.0,35180000.0
2015-04-24,Ngọc Hải (NHJ) TP.HCM,1000.0,35000.0,35000.0,35000000.0,35000000.0,35180000.0
2015-04-24,Ngọc Hải (NHJ) Tiền Giang,1000.0,35000.0,35000.0,35000000.0,35000000.0,35180000.0
2015-04-24,Phượng Hoàng PNJ Đông Á,1000.0,32000.0,32000.0,32000000.0,32000000.0,35180000.0
2015-04-24,SACOMBANK,1000.0,35000.0,35000.0,35000000.0,35000000.0,35180000.0
2015-04-24,VIETNAMGOLD,1000.0,35000.0,35000.0,35000000.0,35000000.0,35180000.0
2015-04-24,VPBANK,1000.0,35000.0,35000.0,35000000.0,35000000.0,35180000.0
2015-04-25,DONGA BANK,1000.0,35000.0,35000.0,35000000.0,35000000.0,35180000.0
2015-04-25,MARITIME BANK,1000.0,35000.0,35000.0,35000000.0,35000000.0,35180000.0
2015-04-25,Ngọc Hải (NHJ) TP.HCM,1000.0,35000.0,35000.0,35000000.0,35000000.0,35180000.0
2015-04-25,Ngọc Hải (NHJ) Tiền Giang,1000.0,35000.0,35000.0,35000000.0,35000000.0,35180000.0
2015-04-25,Phượng Hoàng PNJ Đông Á,1000.0,32000.0,32000.0,32000000.0,32000000.0,35180000.0
2015-04-25,SACOMBANK,1000.0,35000.0,35000.0,35000000.0,35000000.0,35180000.0
2015-04-25,VIETNAMGOLD,1000.0,35000.0,35000.0,35000000.0,35000000.0,35180000.0
2015-04-25,VPBANK,1000.0,35000.0,35000.0,35000000.0,35000000.0,35180000.0
2015-04-27,DONGA BANK,1000.0,35000.0,35000.0,35000000.0,35000000.0,35180000.0
2015-04-27,MARITIME BANK,1000.0,35000.0,35000.0,35000000.0,35000000.0,35180000.0
2015-04-27,Ngọc Hải (NHJ) TP.HCM,1000.0,35000.0,35000.0,35000000.0,35000000.0,35180000.0
2015-04-27,Ngọc Hải (NHJ) Tiền Giang,1000.0,35000.0,35000.0,35000000.0,35000000.0,35180000.0
2015-04-27,Phượng Hoàng PNJ Đông Á,1000.0,32000.0,32000.0,32000000.0,32000000.0,35180000.0
2015-04-27,SACOMBANK,1000.0,35000.0,35000.0,35000000.0,35000000.0,35180000.0
2015-04-27,VIETNAMGOLD,1000.0,36000.0,35000.0,36000000.0,35000000.0,35180000.0
2015-04-27,VPBANK,1000.0,35000.0,35000.0,35000000.0,35000000.0,35180000.0
2015-05-03,DONGA BANK,1000.0,35000.0,35000.0,35000000.0,35000000.0,35180000.0
2015-05-03,MARITIME BANK,1000.0,35000.0,35000.0,35000000.0,35000000.0,35180000.0
2015-05-03,Ngọc Hải (NHJ) TP.HCM,1000.0,35000.0,35000.0,35000000.0,35000000.0,35180000.0
2015-05-03,Ngọc Hải (NHJ) Tiền Giang,1000.0,35000.0,35000.0,35000000.0,35000000.0,35180000.0
2015-05-03,Phượng Hoàng PNJ Đông Á,1000.0,32000.0,32000.0,32000000.0,32000000.0,35180000.0
2015-05-03,SACOMBANK,1000.0,35000.0,35000.0,35000000.0,35000000.0,35180000.0
2015-05-03,VIETNAMGOLD,1000.0,35000.0,35000.0,35000000.0,35000000.0,35180000.0
2015-05-03,VPBANK,1000.0,35000.0,35000.0,35000000.0,35000000.0,35180000.0
2015-05-04,DONGA BANK,1000.0,35000.0,35000.0,35000000.0,35000000.0,35180000.0
2015-05-04,MARITIME BANK,1000.0,35000.0,35000.0,35000000.0,35000000.0,35180000.0
2015-05-04,Ngọc Hải (NHJ) TP.HCM,1000.0,35000.0,35000.0,35000000.0,35000000.0,35180000.0
2015-05-04,Ngọc Hải (NHJ) Tiền Giang,1000.0,35000.0,35000.0,35000000.0,35000000.0,35180000.0
2015-05-04,Phượng Hoàng PNJ Đông Á,1000.0,32000.0,32000.0,32000000.0,32000000.0,35180000.0
2015-05-04,SACOMBANK,1000.0,35000.0,35000.0,35000000.0,35000000.0,35180000.0
2015-05-04,VIETNAMGOLD,1000.0,35000.0,35000.0,35000000.0,35000000.0,35180000.0
2015-05-04,VPBANK,1000.0,35000.0,35000.0,35000000.0,35000000.0,35180000.0
2015-05-05,DONGA BANK,1000.0,35000.0,35000.0,35000000.0,35000000.0,35180000.0
2015-05-05,MARITIME BANK,1000.0,35000.0,35000.0,35000000.0,35000000.0,35180000.0
2015-05-05,Ngọc Hải (NHJ) TP.HCM,1000.0,35000.0,35000.0,35000000.0,35000000.0,35180000.0
2015-05-05,Ngọc Hải (NHJ) Tiền Giang,1000.0,35000.0,35000.0,35000000.0,35000000.0,35180000.0
2015-05-05,Phượng Hoàng PNJ Đông Á,1000.0,32000.0,32000.0,32000000.0,32000000.0,35180000.0
2015-05-05,SACOMBANK,1000.0,35000.0,35000.0,35000000.0,35000000.0,35180000.0
2015-05-05,VIETNAMGOLD,1000.0,35000.0,35000.0,35000000.0,35000000.0,35180000.0
2015-05-05,VPBANK,1000.0,35000.0,35000.0,35000000.0,35000000.0,35180000.0
2015-05-06,DONGA BANK,1000.0,35000.0,35000.0,35000000.0,35000000.0,35180000.0
2015-05-06,MARITIME BANK,1000.0,35000.0,35000.0,35000000.0,35000000.0,35180000.0
2015-05-06,Ngọc Hải (NHJ) TP.HCM,1000.0,35000.0,35000.0,35000000.0,35000000.0,35180000.0
2015-05-06,Ngọc Hải (NHJ) Tiền Giang,1000.0,35000.0,35000.0,35000000.0,35000000.0,35180000.0
2015-05-06,Phượng Hoàng PNJ Đông Á,1000.0,32000.0,32000.0,32000000.0,32000000.0,35180000.0
2015-05-06,SACOMBANK,1000.0,35000.0,35000.0,35000000.0,35000000.0,35180000.0
2015-05-06,VIETNAMGOLD,1000.0,35000.0,35000.0,35000000.0,35000000.0,35180000.0
2015-05-06,VPBANK,1000.0,35000.0,35000.0,35000000.0,35000000.0,35180000.0
2015-05-07,DONGA BANK,1000.0,35000.0,35000.0,35000000.0,35000000.0,35180000.0
2015-05-07,MARITIME BANK,1000.0,35000.0,35000.0,35000000.0,35000000.0,35180000.0
2015-05-07,Ngọc Hải (NHJ) TP.HCM,1000.0,35000.0,35000.0,35000000.0,35000000.0,35180000.0
2015-05-07,Ngọc Hải (NHJ) Tiền Giang,1000.0,35000.0,35000.0,35000000.0,35000000.0,35180000.0
2015-05-07,SACOMBANK,1000.0,35000.0,35000.0,35000000.0,35000000.0,35180000.0
2015-05-07,VIETNAMGOLD,1000.0,35000.0,35000.0,35000000.0,35000000.0,35180000.0
2015-05-07,VPBANK,1000.0,35000.0,35000.0,35000000.0,35000000.0,35180000.0
2015-05-08,DONGA BANK,1000.0,36000.0,35000.0,36000000.0,35000000.0,35000000.0
2015-05-08,MARITIME BANK,1000.0,35000.0,35000.0,35000000.0,35000000.0,35000000.0
2015-05-08,Ngọc Hải (NHJ) TP.HCM,1000.0,35000.0,35000.0,35000000.0,35000000.0,35000000.0
2015-05-08,Ngọc Hải (NHJ) Tiền Giang,1000.0,35000.0,35000.0,35000000.0,35000000.0,35000000.0
2015-05-08,Phượng Hoàng PNJ Đông Á,1000.0,32000.0,31000.0,32000000.0,31000000.0,35000000.0
2015-05-08,SACOMBANK,1000.0,35000.0,35000.0,35000000.0,35000000.0,35000000.0
2015-05-08,VIETNAMGOLD,1000.0,35000.0,35000.0,35000000.0,35000000.0,35000000.0
2015-05-08,VPBANK,1000.0,35000.0,35000.0,35000000.0,35000000.0,35000000.0
2015-05-09,DONGA BANK,1000.0,35000.0,35000.0,35000000.0,35000000.0,35180000.0
2015-05-09,MARITIME BANK,1000.0,35000.0,35000.0,35000000.0,35000000.0,35180000.0
2015-05-09,Ngọc Hải (NHJ) TP.HCM,1000.0,35000.0,35000.0,35000000.0,35000000.0,35180000.0
2015-05-09,Ngọc Hải (NHJ) Tiền Giang,1000.0,35000.0,35000.0,35000000.0,35000000.0,35180000.0
2015-05-09,Phượng Hoàng PNJ Đông Á,1000.0,32000.0,32000.0,32000000.0,32000000.0,35180000.0
2015-05-09,SACOMBANK,1000.0,35000.0,35000.0,35000000.0,35000000.0,35180000.0
2015-05-09,VIETNAMGOLD,1000.0,35000.0,35000.0,35000000.0,35000000.0,35180000.0
2015-05-09,VPBANK,1000.0,35000.0,35000.0,35000000.0,35000000.0,35180000.0
2015-05-11,DONGA BANK,1000.0,35000.0,35000.0,35000000.0,35000000.0,35180000.0
2015-05-11,MARITIME BANK,1000.0,35000.0,35000.0,35000000.0,35000000.0,35180000.0
2015-05-11,Ngọc Hải (NHJ) TP.HCM,1000.0,35000.0,35000.0,35000000.0,35000000.0,35180000.0
2015-05-11,Ngọc Hải (NHJ) Tiền Giang,1000.0,35000.0,35000.0,35000000.0,35000000.0,35180000.0
2015-05-11,SACOMBANK,1000.0,35000.0,35000.0,35000000.0,35000000.0,35180000.0
2015-05-11,VIETNAMGOLD,1000.0,35000.0,35000.0,35000000.0,35000000.0,35180000.0
2015-05-11,VPBANK,1000.0,35000.0,35000.0,35000000.0,35000000.0,35180000.0
2015-05-12,DONGA BANK,1000.0,35000.0,35000.0,35000000.0,35000000.0,35180000.0
2015-05-12,MARITIME BANK,1000.0,35000.0,35000.0,35000000.0,35000000.0,35180000.0
2015-05-12,Ngọc Hải (NHJ) TP.HCM,1000.0,35000.0,35000.0,35000000.0,35000000.0,35180000.0
2015-05-12,Ngọc Hải (NHJ) Tiền Giang,1000.0,35000.0,35000.0,35000000.0,35000000.0,35180000.0
2015-05-12,Phượng Hoàng PNJ Đông Á,1000.0,32000.0,32000.0,32000000.0,32000000.0,35180000.0
2015-05-12,SACOMBANK,1000.0,35000.0,35000.0,35000000.0,35000000.0,35180000.0
2015-05-12,VIETNAMGOLD,1000.0,36000.0,35000.0,36000000.0,35000000.0,35180000.0
2015-05-12,VPBANK,1000.0,35000.0,35000.0,35000000.0,35000000.0,35180000.0
2015-05-13,DONGA BANK,1000.0,35000.0,35000.0,35000000.0,35000000.0,35180000.0
2015-05-13,MARITIME BANK,1000.0,35000.0,35000.0,35000000.0,35000000.0,35180000.0
2015-05-13,Ngọc Hải (NHJ) TP.HCM,1000.0,35000.0,35000.0,35000000.0,35000000.0,35180000.0
2015-05-13,Ngọc Hải (NHJ) Tiền Giang,1000.0,35000.0,35000.0,35000000.0,35000000.0,35180000.0
2015-05-13,Phượng Hoàng PNJ Đông Á,1000.0,32000.0,32000.0,32000000.0,32000000.0,35180000.0
2015-05-13,SACOMBANK,1000.0,35000.0,35000.0,35000000.0,35000000.0,35180000.0
2015-05-13,VIETNAMGOLD,1000.0,35000.0,35000.0,35000000.0,35000000.0,35180000.0
2015-05-13,VPBANK,1000.0,35000.0,35000.0,35000000.0,35000000.0,35180000.0
2015-05-14,DONGA BANK,1000.0,35000.0,35000.0,35000000.0,35000000.0,35000000.0
2015-05-14,MARITIME BANK,1000.0,35000.0,35000.0,35000000.0,35000000.0,35000000.0
2015-05-14,Ngọc Hải (NHJ) TP.HCM,1000.0,35000.0,35000.0,35000000.0,35000000.0,35000000.0
2015-05-14,Ngọc Hải (NHJ) Tiền Giang,1000.0,35000.0,35000.0,35000000.0,35000000.0,35000000.0
2015-05-14,Phượng Hoàng PNJ Đông Á,1000.0,32000.0,32000.0,32000000.0,32000000.0,35000000.0
2015-05-14,SACOMBANK,1000.0,35000.0,35000.0,35000000.0,35000000.0,35000000.0
2015-05-14,VIETNAMGOLD,1000.0,35000.0,35000.0,35000000.0,35000000.0,35000000.0
2015-05-14,VPBANK,1000.0,35000.0,35000.0,35000000.0,35000000.0,35000000.0
2015-05-15,DONGA BANK,1000.0,35000.0,35000.0,35000000.0,35000000.0,35000000.0
2015-05-15,MARITIME BANK,1000.0,35000.0,35000.0,35000000.0,35000000.0,35000000.0
2015-05-15,Ngọc Hải (NHJ) TP.HCM,1000.0,35000.0,35000.0,35000000.0,35000000.0,35000000.0
2015-05-15,Ngọc Hải (NHJ) Tiền Giang,1000.0,35000.0,35000.0,35000000.0,35000000.0,35000000.0
2015-05-15,Phượng Hoàng PNJ Đông Á,1000.0,32000.0,33000.0,32000000.0,33000000.0,35000000.0
2015-05-15,SACOMBANK,1000.0,35000.0,35000.0,35000000.0,35000000.0,35000000.0
2015-05-15,VIETNAMGOLD,1000.0,35000.0,35000.0,35000000.0,35000000.0,35000000.0
2015-05-15,VPBANK,1000.0,35000.0,35000.0,35000000.0,35000000.0,35000000.0
2015-05-16,DONGA BANK,1000.0,35000.0,35000.0,35000000.0,35000000.0,35180000.0
2015-05-16,MARITIME BANK,1000.0,35000.0,35000.0,35000000.0,35000000.0,35180000.0
2015-05-16,Ngọc Hải (NHJ) TP.HCM,1000.0,35000.0,35000.0,35000000.0,35000000.0,35180000.0
2015-05-16,Ngọc Hải (NHJ) Tiền Giang,1000.0,35000.0,35000.0,35000000.0,35000000.0,35180000.0
2015-05-16,Phượng Hoàng PNJ Đông Á,1000.0,32000.0,33000.0,32000000.0,33000000.0,35180000.0
2015-05-16,SACOMBANK,1000.0,35000.0,35000.0,35000000.0,35000000.0,35180000.0
2015-05-16,VIETNAMGOLD,1000.0,35000.0,35000.0,35000000.0,35000000.0,35180000.0
2015-05-16,VPBANK,1000.0,35000.0,35000.0,35000000.0,35000000.0,35180000.0
2015-05-19,DONGA BANK,1000.0,35000.0,35000.0,35000000.0,35000000.0,35000000.0
2015-05-19,MARITIME BANK,1000.0,35000.0,35000.0,35000000.0,35000000.0,35000000.0
2015-05-19,Ngọc Hải (NHJ) TP.HCM,1000.0,35000.0,35000.0,35000000.0,35000000.0,35000000.0
2015-05-19,Ngọc Hải (NHJ) Tiền Giang,1000.0,35000.0,35000.0,35000000.0,35000000.0,35000000.0
2015-05-19,Phượng Hoàng PNJ Đông Á,1000.0,33000.0,33000.0,33000000.0,33000000.0,35000000.0
2015-05-19,SACOMBANK,1000.0,35000.0,35000.0,35000000.0,35000000.0,35000000.0
2015-05-19,VIETNAMGOLD,1000.0,35000.0,35000.0,35000000.0,35000000.0,35000000.0
2015-05-19,VPBANK,1000.0,35000.0,35000.0,35000000.0,35000000.0,35000000.0
2015-05-20,DONGA BANK,1000.0,35000.0,35000.0,35000000.0,35000000.0,35180000.0
2015-05-20,MARITIME BANK,1000.0,35000.0,35000.0,35000000.0,35000000.0,35180000.0
2015-05-20,Ngọc Hải (NHJ) TP.HCM,1000.0,35000.0,35000.0,35000000.0,35000000.0,35180000.0
2015-05-20,Ngọc Hải (NHJ) Tiền Giang,1000.0,35000.0,35000.0,35000000.0,35000000.0,35180000.0
2015-05-20,Phượng Hoàng PNJ Đông Á,1000.0,33000.0,33000.0,33000000.0,33000000.0,35180000.0
2015-05-20,SACOMBANK,1000.0,35000.0,35000.0,35000000.0,35000000.0,35180000.0
2015-05-20,VIETNAMGOLD,1000.0,35000.0,35000.0,35000000.0,35000000.0,35180000.0
2015-05-20,VPBANK,1000.0,35000.0,35000.0,35000000.0,35000000.0,35180000.0
2015-05-21,DONGA BANK,1000.0,35000.0,35000.0,35000000.0,35000000.0,35180000.0
2015-05-21,MARITIME BANK,1000.0,35000.0,35000.0,35000000.0,35000000.0,35180000.0
2015-05-21,Ngọc Hải (NHJ) TP.HCM,1000.0,35000.0,35000.0,35000000.0,35000000.0,35180000.0
2015-05-21,Ngọc Hải (NHJ) Tiền Giang,1000.0,35000.0,35000.0,35000000.0,35000000.0,35180000.0
2015-05-21,Phượng Hoàng PNJ Đông Á,1000.0,32000.0,33000.0,32000000.0,33000000.0,35180000.0
2015-05-21,SACOMBANK,1000.0,35000.0,35000.0,35000000.0,35000000.0,35180000.0
2015-05-21,VIETNAMGOLD,1000.0,35000.0,35000.0,35000000.0,35000000.0,35180000.0
2015-05-21,VPBANK,1000.0,35000.0,35000.0,35000000.0,35000000.0,35180000.0
2015-05-22,DONGA BANK,1000.0,35000.0,35000.0,35000000.0,35000000.0,35180000.0
2015-05-22,MARITIME BANK,1000.0,35000.0,35000.0,35000000.0,35000000.0,35180000.0
2015-05-22,Ngọc Hải (NHJ) TP.HCM,1000.0,35000.0,35000.0,35000000.0,35000000.0,35180000.0
2015-05-22,Ngọc Hải (NHJ) Tiền Giang,1000.0,35000.0,35000.0,35000000.0,35000000.0,35180000.0
2015-05-22,Phượng Hoàng PNJ Đông Á,1000.0,32000.0,33000.0,32000000.0,33000000.0,35180000.0
2015-05-22,SACOMBANK,1000.0,35000.0,35000.0,35000000.0,35000000.0,35180000.0
2015-05-22,VIETNAMGOLD,1000.0,35000.0,35000.0,35000000.0,35000000.0,35180000.0
2015-05-22,VPBANK,1000.0,35000.0,35000.0,35000000.0,35000000.0,35180000.0
2015-05-23,DONGA BANK,1000.0,35000.0,35000.0,35000000.0,35000000.0,35180000.0
2015-05-23,MARITIME BANK,1000.0,35000.0,35000.0,35000000.0,35000000.0,35180000.0
2015-05-23,Ngọc Hải (NHJ) TP.HCM,1000.0,35000.0,35000.0,35000000.0,35000000.0,35180000.0
2015-05-23,Ngọc Hải (NHJ) Tiền Giang,1000.0,35000.0,35000.0,35000000.0,35000000.0,35180000.0
2015-05-23,Phượng Hoàng PNJ Đông Á,1000.0,33000.0,33000.0,33000000.0,33000000.0,35180000.0
2015-05-23,SACOMBANK,1000.0,35000.0,35000.0,35000000.0,35000000.0,35180000.0
2015-05-23,VIETNAMGOLD,1000.0,35000.0,35000.0,35000000.0,35000000.0,35180000.0
2015-05-23,VPBANK,1000.0,35000.0,35000.0,35000000.0,35000000.0,35180000.0
2015-05-25,DONGA BANK,1000.0,35000.0,35000.0,35000000.0,35000000.0,35180000.0
2015-05-25,MARITIME BANK,1000.0,35000.0,35000.0,35000000.0,35000000.0,35180000.0
2015-05-25,Ngọc Hải (NHJ) TP.HCM,1000.0,35000.0,35000.0,35000000.0,35000000.0,35180000.0
2015-05-25,Ngọc Hải (NHJ) Tiền Giang,1000.0,35000.0,35000.0,35000000.0,35000000.0,35180000.0
2015-05-25,Phượng Hoàng PNJ Đông Á,1000.0,33000.0,33000.0,33000000.0,33000000.0,35180000.0
2015-05-25,SACOMBANK,1000.0,35000.0,35000.0,35000000.0,35000000.0,35180000.0
2015-05-25,VIETNAMGOLD,1000.0,35000.0,35000.0,35000000.0,35000000.0,35180000.0
2015-05-25,VPBANK,1000.0,35000.0,35000.0,35000000.0,35000000.0,35180000.0
2015-05-26,DONGA BANK,1000.0,35000.0,35000.0,35000000.0,35000000.0,35180000.0
2015-05-26,MARITIME BANK,1000.0,35000.0,35000.0,35000000.0,35000000.0,35180000.0
2015-05-26,Ngọc Hải (NHJ) TP.HCM,1000.0,35000.0,35000.0,35000000.0,35000000.0,35180000.0
2015-05-26,Ngọc Hải (NHJ) Tiền Giang,1000.0,35000.0,35000.0,35000000.0,35000000.0,35180000.0
2015-05-26,Phượng Hoàng PNJ Đông Á,1000.0,32000.0,33000.0,32000000.0,33000000.0,35180000.0
2015-05-26,SACOMBANK,1000.0,35000.0,35000.0,35000000.0,35000000.0,35180000.0
2015-05-26,VIETNAMGOLD,1000.0,35000.0,35000.0,35000000.0,35000000.0,35180000.0
2015-05-26,VPBANK,1000.0,35000.0,35000.0,35000000.0,35000000.0,35180000.0
2015-05-27,DONGA BANK,1000.0,35000.0,35000.0,35000000.0,35000000.0,35180000.0
2015-05-27,MARITIME BANK,1000.0,35000.0,35000.0,35000000.0,35000000.0,35180000.0
2015-05-27,Ngọc Hải (NHJ) TP.HCM,1000.0,35000.0,35000.0,35000000.0,35000000.0,35180000.0
2015-05-27,Ngọc Hải (NHJ) Tiền Giang,1000.0,35000.0,35000.0,35000000.0,35000000.0,35180000.0
2015-05-27,Phượng Hoàng PNJ Đông Á,1000.0,32000.0,33000.0,32000000.0,33000000.0,35180000.0
2015-05-27,SACOMBANK,1000.0,35000.0,35000.0,35000000.0,35000000.0,35180000.0
2015-05-27,VIETNAMGOLD,1000.0,35000.0,35000.0,35000000.0,35000000.0,35180000.0
2015-05-27,VPBANK,1000.0,35000.0,35000.0,35000000.0,35000000.0,35180000.0
2015-05-28,DONGA BANK,1000.0,35000.0,35000.0,35000000.0,35000000.0,35180000.0
2015-05-28,MARITIME BANK,1000.0,35000.0,35000.0,35000000.0,35000000.0,35180000.0
2015-05-28,Ngọc Hải (NHJ) TP.HCM,1000.0,35000.0,35000.0,35000000.0,35000000.0,35180000.0
2015-05-28,Ngọc Hải (NHJ) Tiền Giang,1000.0,35000.0,35000.0,35000000.0,35000000.0,35180000.0
2015-05-28,Phượng Hoàng PNJ Đông Á,1000.0,32000.0,33000.0,32000000.0,33000000.0,35180000.0
2015-05-28,SACOMBANK,1000.0,35000.0,35000.0,35000000.0,35000000.0,35180000.0
2015-05-28,VIETNAMGOLD,1000.0,35000.0,35000.0,35000000.0,35000000.0,35180000.0
2015-05-28,VPBANK,1000.0,35000.0,35000.0,35000000.0,35000000.0,35180000.0
2015-05-29,DONGA BANK,1000.0,35000.0,35000.0,35000000.0,35000000.0,35180000.0
2015-05-29,MARITIME BANK,1000.0,35000.0,35000.0,35000000.0,35000000.0,35180000.0
2015-05-29,Ngọc Hải (NHJ) TP.HCM,1000.0,35000.0,35000.0,35000000.0,35000000.0,35180000.0
2015-05-29,Ngọc Hải (NHJ) Tiền Giang,1000.0,35000.0,35000.0,35000000.0,35000000.0,35180000.0
2015-05-29,Phượng Hoàng PNJ Đông Á,1000.0,32000.0,33000.0,32000000.0,33000000.0,35180000.0
2015-05-29,SACOMBANK,1000.0,35000.0,35000.0,35000000.0,35000000.0,35180000.0
2015-05-29,VIETNAMGOLD,1000.0,35000.0,35000.0,35000000.0,35000000.0,35180000.0
2015-05-29,VPBANK,1000.0,35000.0,35000.0,35000000.0,35000000.0,35180000.0
2015-05-31,DONGA BANK,1000.0,35000.0,35000.0,35000000.0,35000000.0,35180000.0
2015-05-31,MARITIME BANK,1000.0,35000.0,35000.0,35000000.0,35000000.0,35180000.0
2015-05-31,Ngọc Hải (NHJ) TP.HCM,1000.0,35000.0,35000.0,35000000.0,35000000.0,35180000.0
2015-05-31,Ngọc Hải (NHJ) Tiền Giang,1000.0,35000.0,35000.0,35000000.0,35000000.0,35180000.0
2015-05-31,Phượng Hoàng PNJ Đông Á,1000.0,32000.0,33000.0,32000000.0,33000000.0,35180000.0
2015-05-31,SACOMBANK,1000.0,35000.0,35000.0,35000000.0,35000000.0,35180000.0
2015-05-31,VIETNAMGOLD,1000.0,35000.0,35000.0,35000000.0,35000000.0,35180000.0
2015-05-31,VPBANK,1000.0,35000.0,35000.0,35000000.0,35000000.0,35180000.0
2015-06-01,DONGA BANK,1000.0,35000.0,35000.0,35000000.0,35000000.0,35180000.0
2015-06-01,MARITIME BANK,1000.0,35000.0,35000.0,35000000.0,35000000.0,35180000.0
2015-06-01,Ngọc Hải (NHJ) TP.HCM,1000.0,35000.0,35000.0,35000000.0,35000000.0,35180000.0
2015-06-01,Ngọc Hải (NHJ) Tiền Giang,1000.0,35000.0,35000.0,35000000.0,35000000.0,35180000.0
2015-06-01,Phượng Hoàng PNJ Đông Á,1000.0,32000.0,33000.0,32000000.0,33000000.0,35180000.0
2015-06-01,SACOMBANK,1000.0,35000.0,35000.0,35000000.0,35000000.0,35180000.0
2015-06-01,VIETNAMGOLD,1000.0,35000.0,35000.0,35000000.0,35000000.0,35180000.0
2015-06-01,VPBANK,1000.0,35000.0,35000.0,35000000.0,35000000.0,35180000.0
2015-06-02,DONGA BANK,1000.0,35000.0,35000.0,35000000.0,35000000.0,35180000.0
2015-06-02,MARITIME BANK,1000.0,36000.0,36000.0,36000000.0,36000000.0,35180000.0
2015-06-02,Ngọc Hải (NHJ) TP.HCM,1000.0,35000.0,35000.0,35000000.0,35000000.0,35180000.0
2015-06-02,Ngọc Hải (NHJ) Tiền Giang,1000.0,35000.0,35000.0,35000000.0,35000000.0,35180000.0
2015-06-02,Phượng Hoàng PNJ Đông Á,1000.0,32000.0,33000.0,32000000.0,33000000.0,35180000.0
2015-06-02,SACOMBANK,1000.0,35000.0,35000.0,35000000.0,35000000.0,35180000.0
2015-06-02,VIETNAMGOLD,1000.0,35000.0,35000.0,35000000.0,35000000.0,35180000.0
2015-06-02,VPBANK,1000.0,35000.0,35000.0,35000000.0,35000000.0,35180000.0
2015-06-03,DONGA BANK,1000.0,35000.0,35000.0,35000000.0,35000000.0,35180000.0
2015-06-03,MARITIME BANK,1000.0,35000.0,35000.0,35000000.0,35000000.0,35180000.0
2015-06-03,Ngọc Hải (NHJ) TP.HCM,1000.0,35000.0,35000.0,35000000.0,35000000.0,35180000.0
2015-06-03,Ngọc Hải (NHJ) Tiền Giang,1000.0,35000.0,35000.0,35000000.0,35000000.0,35180000.0
2015-06-03,Phượng Hoàng PNJ Đông Á,1000.0,32000.0,32000.0,32000000.0,32000000.0,35180000.0
2015-06-03,SACOMBANK,1000.0,35000.0,35000.0,35000000.0,35000000.0,35180000.0
2015-06-03,VIETNAMGOLD,1000.0,35000.0,35000.0,35000000.0,35000000.0,35180000.0
2015-06-03,VPBANK,1000.0,35000.0,35000.0,35000000.0,35000000.0,35180000.0
2015-06-04,DONGA BANK,1000.0,35000.0,35000.0,35000000.0,35000000.0,35180000.0
2015-06-04,MARITIME BANK,1000.0,35000.0,35000.0,35000000.0,35000000.0,35180000.0
2015-06-04,Ngọc Hải (NHJ) TP.HCM,1000.0,35000.0,35000.0,35000000.0,35000000.0,35180000.0
2015-06-04,Ngọc Hải (NHJ) Tiền Giang,1000.0,35000.0,35000.0,35000000.0,35000000.0,35180000.0
2015-06-04,Phượng Hoàng PNJ Đông Á,1000.0,32000.0,33000.0,32000000.0,33000000.0,35180000.0
2015-06-04,SACOMBANK,1000.0,35000.0,35000.0,35000000.0,35000000.0,35180000.0
2015-06-04,VIETNAMGOLD,1000.0,35000.0,35000.0,35000000.0,35000000.0,35180000.0
2015-06-04,VPBANK,1000.0,35000.0,35000.0,35000000.0,35000000.0,35180000.0
2015-06-05,DONGA BANK,1000.0,35000.0,35000.0,35000000.0,35000000.0,35180000.0
2015-06-05,MARITIME BANK,1000.0,35000.0,35000.0,35000000.0,35000000.0,35180000.0
2015-06-05,Ngọc Hải (NHJ) TP.HCM,1000.0,35000.0,35000.0,35000000.0,35000000.0,35180000.0
2015-06-05,Ngọc Hải (NHJ) Tiền Giang,1000.0,35000.0,35000.0,35000000.0,35000000.0,35180000.0
2015-06-05,Phượng Hoàng PNJ Đông Á,1000.0,32000.0,32000.0,32000000.0,32000000.0,35180000.0
2015-06-05,SACOMBANK,1000.0,35000.0,35000.0,35000000.0,35000000.0,35180000.0
2015-06-05,VIETNAMGOLD,1000.0,35000.0,35000.0,35000000.0,35000000.0,35180000.0
2015-06-05,VPBANK,1000.0,35000.0,35000.0,35000000.0,35000000.0,35180000.0
2015-06-06,DONGA BANK,1000.0,35000.0,35000.0,35000000.0,35000000.0,35180000.0
2015-06-06,MARITIME BANK,1000.0,35000.0,35000.0,35000000.0,35000000.0,35180000.0
2015-06-06,Ngọc Hải (NHJ) TP.HCM,1000.0,35000.0,35000.0,35000000.0,35000000.0,35180000.0
2015-06-06,Ngọc Hải (NHJ) Tiền Giang,1000.0,35000.0,35000.0,35000000.0,35000000.0,35180000.0
2015-06-06,Phượng Hoàng PNJ Đông Á,1000.0,32000.0,32000.0,32000000.0,32000000.0,35180000.0
2015-06-06,SACOMBANK,1000.0,35000.0,35000.0,35000000.0,35000000.0,35180000.0
2015-06-06,VIETNAMGOLD,1000.0,35000.0,35000.0,35000000.0,35000000.0,35180000.0
2015-06-06,VPBANK,1000.0,35000.0,35000.0,35000000.0,35000000.0,35180000.0
2015-06-07,DONGA BANK,1000.0,35000.0,35000.0,35000000.0,35000000.0,35180000.0
2015-06-07,MARITIME BANK,1000.0,35000.0,35000.0,35000000.0,35000000.0,35180000.0
2015-06-07,Ngọc Hải (NHJ) TP.HCM,1000.0,35000.0,35000.0,35000000.0,35000000.0,35180000.0
2015-06-07,Ngọc Hải (NHJ) Tiền Giang,1000.0,35000.0,35000.0,35000000.0,35000000.0,35180000.0
2015-06-07,Phượng Hoàng PNJ Đông Á,1000.0,32000.0,32000.0,32000000.0,32000000.0,35180000.0
2015-06-07,SACOMBANK,1000.0,35000.0,35000.0,35000000.0,35000000.0,35180000.0
2015-06-07,VIETNAMGOLD,1000.0,35000.0,35000.0,35000000.0,35000000.0,35180000.0
2015-06-07,VPBANK,1000.0,35000.0,35000.0,35000000.0,35000000.0,35180000.0
2015-06-08,DONGA BANK,1000.0,35000.0,35000.0,35000000.0,35000000.0,35180000.0
2015-06-08,MARITIME BANK,1000.0,35000.0,35000.0,35000000.0,35000000.0,35180000.0
2015-06-08,Ngọc Hải (NHJ) TP.HCM,1000.0,35000.0,35000.0,35000000.0,35000000.0,35180000.0
2015-06-08,Ngọc Hải (NHJ) Tiền Giang,1000.0,35000.0,35000.0,35000000.0,35000000.0,35180000.0
2015-06-08,Phượng Hoàng PNJ Đông Á,1000.0,32000.0,32000.0,32000000.0,32000000.0,35180000.0
2015-06-08,SACOMBANK,1000.0,35000.0,35000.0,35000000.0,35000000.0,35180000.0
2015-06-08,VIETNAMGOLD,1000.0,35000.0,35000.0,35000000.0,35000000.0,35180000.0
2015-06-08,VPBANK,1000.0,35000.0,35000.0,35000000.0,35000000.0,35180000.0
2015-06-09,DONGA BANK,1000.0,35000.0,35000.0,35000000.0,35000000.0,35180000.0
2015-06-09,MARITIME BANK,1000.0,35000.0,35000.0,35000000.0,35000000.0,35180000.0
2015-06-09,Ngọc Hải (NHJ) TP.HCM,1000.0,35000.0,35000.0,35000000.0,35000000.0,35180000.0
2015-06-09,Ngọc Hải (NHJ) Tiền Giang,1000.0,35000.0,35000.0,35000000.0,35000000.0,35180000.0
2015-06-09,Phượng Hoàng PNJ Đông Á,1000.0,32000.0,32000.0,32000000.0,32000000.0,35180000.0
2015-06-09,SACOMBANK,1000.0,35000.0,35000.0,35000000.0,35000000.0,35180000.0
2015-06-09,VIETNAMGOLD,1000.0,35000.0,35000.0,35000000.0,35000000.0,35180000.0
2015-06-09,VPBANK,1000.0,35000.0,35000.0,35000000.0,35000000.0,35180000.0
2015-06-10,DONGA BANK,1000.0,35000.0,35000.0,35000000.0,35000000.0,35180000.0
2015-06-10,MARITIME BANK,1000.0,35000.0,35000.0,35000000.0,35000000.0,35180000.0
2015-06-10,Ngọc Hải (NHJ) TP.HCM,1000.0,35000.0,35000.0,35000000.0,35000000.0,35180000.0
2015-06-10,Ngọc Hải (NHJ) Tiền Giang,1000.0,35000.0,35000.0,35000000.0,35000000.0,35180000.0
2015-06-10,Phượng Hoàng PNJ Đông Á,1000.0,32000.0,32000.0,32000000.0,32000000.0,35180000.0
2015-06-10,SACOMBANK,1000.0,35000.0,35000.0,35000000.0,35000000.0,35180000.0
2015-06-10,VIETNAMGOLD,1000.0,35000.0,35000.0,35000000.0,35000000.0,35180000.0
2015-06-10,VPBANK,1000.0,35000.0,35000.0,35000000.0,35000000.0,35180000.0
2015-06-11,DONGA BANK,1000.0,35000.0,35000.0,35000000.0,35000000.0,35180000.0
2015-06-11,MARITIME BANK,1000.0,36000.0,36000.0,36000000.0,36000000.0,35180000.0
2015-06-11,Ngọc Hải (NHJ) TP.HCM,1000.0,35000.0,35000.0,35000000.0,35000000.0,35180000.0
2015-06-11,Ngọc Hải (NHJ) Tiền Giang,1000.0,35000.0,35000.0,35000000.0,35000000.0,35180000.0
2015-06-11,Phượng Hoàng PNJ Đông Á,1000.0,32000.0,32000.0,32000000.0,32000000.0,35180000.0
2015-06-11,SACOMBANK,1000.0,35000.0,35000.0,35000000.0,35000000.0,35180000.0
2015-06-11,VIETNAMGOLD,1000.0,35000.0,35000.0,35000000.0,35000000.0,35180000.0
2015-06-11,VPBANK,1000.0,35000.0,35000.0,35000000.0,35000000.0,35180000.0
2015-06-12,DONGA BANK,1000.0,35000.0,35000.0,35000000.0,35000000.0,35180000.0
2015-06-12,MARITIME BANK,1000.0,36000.0,36000.0,36000000.0,36000000.0,35180000.0
2015-06-12,Ngọc Hải (NHJ) TP.HCM,1000.0,35000.0,35000.0,35000000.0,35000000.0,35180000.0
2015-06-12,Ngọc Hải (NHJ) Tiền Giang,1000.0,35000.0,35000.0,35000000.0,35000000.0,35180000.0
2015-06-12,Phượng Hoàng PNJ Đông Á,1000.0,32000.0,32000.0,32000000.0,32000000.0,35180000.0
2015-06-12,SACOMBANK,1000.0,35000.0,35000.0,35000000.0,35000000.0,35180000.0
2015-06-12,VIETNAMGOLD,1000.0,35000.0,35000.0,35000000.0,35000000.0,35180000.0
2015-06-12,VPBANK,1000.0,35000.0,35000.0,35000000.0,35000000.0,35180000.0
2015-06-13,DONGA BANK,1000.0,35000.0,35000.0,35000000.0,35000000.0,35000000.0
2015-06-13,MARITIME BANK,1000.0,36000.0,36000.0,36000000.0,36000000.0,35000000.0
2015-06-13,Ngọc Hải (NHJ) TP.HCM,1000.0,35000.0,35000.0,35000000.0,35000000.0,35000000.0
2015-06-13,Ngọc Hải (NHJ) Tiền Giang,1000.0,35000.0,35000.0,35000000.0,35000000.0,35000000.0
2015-06-13,Phượng Hoàng PNJ Đông Á,1000.0,32000.0,32000.0,32000000.0,32000000.0,35000000.0
2015-06-13,SACOMBANK,1000.0,35000.0,35000.0,35000000.0,35000000.0,35000000.0
2015-06-13,VIETNAMGOLD,1000.0,35000.0,35000.0,35000000.0,35000000.0,35000000.0
2015-06-13,VPBANK,1000.0,35000.0,35000.0,35000000.0,35000000.0,35000000.0
2015-06-15,DONGA BANK,1000.0,35000.0,35000.0,35000000.0,35000000.0,35180000.0
2015-06-15,MARITIME BANK,1000.0,36000.0,36000.0,36000000.0,36000000.0,35180000.0
2015-06-15,Ngọc Hải (NHJ) TP.HCM,1000.0,35000.0,35000.0,35000000.0,35000000.0,35180000.0
2015-06-15,Ngọc Hải (NHJ) Tiền Giang,1000.0,35000.0,35000.0,35000000.0,35000000.0,35180000.0
2015-06-15,Phượng Hoàng PNJ Đông Á,1000.0,32000.0,32000.0,32000000.0,32000000.0,35180000.0
2015-06-15,SACOMBANK,1000.0,35000.0,35000.0,35000000.0,35000000.0,35180000.0
2015-06-15,VIETNAMGOLD,1000.0,35000.0,35000.0,35000000.0,35000000.0,35180000.0
2015-06-15,VPBANK,1000.0,35000.0,35000.0,35000000.0,35000000.0,35180000.0
2015-06-16,DONGA BANK,1000.0,35000.0,35000.0,35000000.0,35000000.0,35180000.0
2015-06-16,MARITIME BANK,1000.0,35000.0,35000.0,35000000.0,35000000.0,35180000.0
2015-06-16,Ngọc Hải (NHJ) TP.HCM,1000.0,35000.0,35000.0,35000000.0,35000000.0,35180000.0
2015-06-16,Ngọc Hải (NHJ) Tiền Giang,1000.0,35000.0,35000.0,35000000.0,35000000.0,35180000.0
2015-06-16,Phượng Hoàng PNJ Đông Á,1000.0,32000.0,32000.0,32000000.0,32000000.0,35180000.0
2015-06-16,SACOMBANK,1000.0,35000.0,35000.0,35000000.0,35000000.0,35180000.0
2015-06-16,VIETNAMGOLD,1000.0,35000.0,35000.0,35000000.0,35000000.0,35180000.0
2015-06-16,VPBANK,1000.0,35000.0,35000.0,35000000.0,35000000.0,35180000.0
2015-06-17,DONGA BANK,1000.0,35000.0,35000.0,35000000.0,35000000.0,35180000.0
2015-06-17,MARITIME BANK,1000.0,35000.0,35000.0,35000000.0,35000000.0,35180000.0
2015-06-17,Ngọc Hải (NHJ) TP.HCM,1000.0,35000.0,35000.0,35000000.0,35000000.0,35180000.0
2015-06-17,Ngọc Hải (NHJ) Tiền Giang,1000.0,37000.0,37000.0,37000000.0,37000000.0,35180000.0
2015-06-17,Phượng Hoàng PNJ Đông Á,1000.0,32000.0,32000.0,32000000.0,32000000.0,35180000.0
2015-06-17,SACOMBANK,1000.0,35000.0,35000.0,35000000.0,35000000.0,35180000.0
2015-06-17,VIETNAMGOLD,1000.0,35000.0,35000.0,35000000.0,35000000.0,35180000.0
2015-06-17,VPBANK,1000.0,35000.0,35000.0,35000000.0,35000000.0,35180000.0
2015-06-18,DONGA BANK,1000.0,35000.0,35000.0,35000000.0,35000000.0,35180000.0
2015-06-18,MARITIME BANK,1000.0,35000.0,35000.0,35000000.0,35000000.0,35180000.0
2015-06-18,Ngọc Hải (NHJ) TP.HCM,1000.0,35000.0,35000.0,35000000.0,35000000.0,35180000.0
2015-06-18,Ngọc Hải (NHJ) Tiền Giang,1000.0,35000.0,35000.0,35000000.0,35000000.0,35180000.0
2015-06-18,Phượng Hoàng PNJ Đông Á,1000.0,32000.0,32000.0,32000000.0,32000000.0,35180000.0
2015-06-18,SACOMBANK,1000.0,35000.0,35000.0,35000000.0,35000000.0,35180000.0
2015-06-18,VIETNAMGOLD,1000.0,35000.0,35000.0,35000000.0,35000000.0,35180000.0
2015-06-18,VPBANK,1000.0,35000.0,35000.0,35000000.0,35000000.0,35180000.0
2015-06-19,DONGA BANK,1000.0,35000.0,35000.0,35000000.0,35000000.0,35180000.0
2015-06-19,MARITIME BANK,1000.0,35000.0,35000.0,35000000.0,35000000.0,35180000.0
2015-06-19,Ngọc Hải (NHJ) TP.HCM,1000.0,35000.0,35000.0,35000000.0,35000000.0,35180000.0
2015-06-19,Ngọc Hải (NHJ) Tiền Giang,1000.0,35000.0,35000.0,35000000.0,35000000.0,35180000.0
2015-06-19,Phượng Hoàng PNJ Đông Á,1000.0,32000.0,32000.0,32000000.0,32000000.0,35180000.0
2015-06-19,SACOMBANK,1000.0,35000.0,35000.0,35000000.0,35000000.0,35180000.0
2015-06-19,VIETNAMGOLD,1000.0,35000.0,35000.0,35000000.0,35000000.0,35180000.0
2015-06-19,VPBANK,1000.0,35000.0,35000.0,35000000.0,35000000.0,35180000.0
2015-06-20,DONGA BANK,1000.0,35000.0,35000.0,35000000.0,35000000.0,35180000.0
2015-06-20,MARITIME BANK,1000.0,35000.0,35000.0,35000000.0,35000000.0,35180000.0
2015-06-20,Ngọc Hải (NHJ) TP.HCM,1000.0,35000.0,35000.0,35000000.0,35000000.0,35180000.0
2015-06-20,Ngọc Hải (NHJ) Tiền Giang,1000.0,35000.0,35000.0,35000000.0,35000000.0,35180000.0
2015-06-20,Phượng Hoàng PNJ Đông Á,1000.0,32000.0,33000.0,32000000.0,33000000.0,35180000.0
2015-06-20,SACOMBANK,1000.0,35000.0,35000.0,35000000.0,35000000.0,35180000.0
2015-06-20,VIETNAMGOLD,1000.0,35000.0,35000.0,35000000.0,35000000.0,35180000.0
2015-06-20,VPBANK,1000.0,35000.0,35000.0,35000000.0,35000000.0,35180000.0
2015-06-21,DONGA BANK,1000.0,35000.0,35000.0,35000000.0,35000000.0,35180000.0
2015-06-21,MARITIME BANK,1000.0,35000.0,35000.0,35000000.0,35000000.0,35180000.0
2015-06-21,Ngọc Hải (NHJ) TP.HCM,1000.0,35000.0,35000.0,35000000.0,35000000.0,35180000.0
2015-06-21,Ngọc Hải (NHJ) Tiền Giang,1000.0,35000.0,35000.0,35000000.0,35000000.0,35180000.0
2015-06-21,Phượng Hoàng PNJ Đông Á,1000.0,32000.0,33000.0,32000000.0,33000000.0,35180000.0
2015-06-21,SACOMBANK,1000.0,35000.0,35000.0,35000000.0,35000000.0,35180000.0
2015-06-21,VIETNAMGOLD,1000.0,35000.0,35000.0,35000000.0,35000000.0,35180000.0
2015-06-21,VPBANK,1000.0,35000.0,35000.0,35000000.0,35000000.0,35180000.0
2015-06-22,DONGA BANK,1000.0,35000.0,35000.0,35000000.0,35000000.0,35180000.0
2015-06-22,MARITIME BANK,1000.0,35000.0,35000.0,35000000.0,35000000.0,35180000.0
2015-06-22,Ngọc Hải (NHJ) TP.HCM,1000.0,35000.0,35000.0,35000000.0,35000000.0,35180000.0
2015-06-22,Ngọc Hải (NHJ) Tiền Giang,1000.0,35000.0,35000.0,35000000.0,35000000.0,35180000.0
2015-06-22,Phượng Hoàng PNJ Đông Á,1000.0,32000.0,32000.0,32000000.0,32000000.0,35180000.0
2015-06-22,SACOMBANK,1000.0,35000.0,35000.0,35000000.0,35000000.0,35180000.0
2015-06-22,VIETNAMGOLD,1000.0,35000.0,35000.0,35000000.0,35000000.0,35180000.0
2015-06-22,VPBANK,1000.0,35000.0,35000.0,35000000.0,35000000.0,35180000.0
2015-06-23,DONGA BANK,1000.0,35000.0,35000.0,35000000.0,35000000.0,35180000.0
2015-06-23,MARITIME BANK,1000.0,35000.0,35000.0,35000000.0,35000000.0,35180000.0
2015-06-23,Ngọc Hải (NHJ) TP.HCM,1000.0,35000.0,35000.0,35000000.0,35000000.0,35180000.0
2015-06-23,Ngọc Hải (NHJ) Tiền Giang,1000.0,35000.0,35000.0,35000000.0,35000000.0,35180000.0
2015-06-23,Phượng Hoàng PNJ Đông Á,1000.0,32000.0,32000.0,32000000.0,32000000.0,35180000.0
2015-06-23,SACOMBANK,1000.0,35000.0,35000.0,35000000.0,35000000.0,35180000.0
2015-06-23,VIETNAMGOLD,1000.0,35000.0,35000.0,35000000.0,35000000.0,35180000.0
2015-06-23,VPBANK,1000.0,35000.0,35000.0,35000000.0,35000000.0,35180000.0
2015-06-24,DONGA BANK,1000.0,35000.0,35000.0,35000000.0,35000000.0,35180000.0
2015-06-24,MARITIME BANK,1000.0,35000.0,35000.0,35000000.0,35000000.0,35180000.0
2015-06-24,Ngọc Hải (NHJ) TP.HCM,1000.0,34000.0,35000.0,34000000.0,35000000.0,35180000.0
2015-06-24,Ngọc Hải (NHJ) Tiền Giang,1000.0,34000.0,35000.0,34000000.0,35000000.0,35180000.0
2015-06-24,Phượng Hoàng PNJ Đông Á,1000.0,32000.0,32000.0,32000000.0,32000000.0,35180000.0
2015-06-24,SACOMBANK,1000.0,35000.0,35000.0,35000000.0,35000000.0,35180000.0
2015-06-24,VIETNAMGOLD,1000.0,35000.0,35000.0,35000000.0,35000000.0,35180000.0
2015-06-24,VPBANK,1000.0,35000.0,35000.0,35000000.0,35000000.0,35180000.0
2015-06-25,DONGA BANK,1000.0,34000.0,34000.0,34000000.0,34000000.0,34680000.0
2015-06-25,MARITIME BANK,1000.0,34000.0,34000.0,34000000.0,34000000.0,34680000.0
2015-06-25,Ngọc Hải (NHJ) TP.HCM,1000.0,34000.0,34000.0,34000000.0,34000000.0,34680000.0
2015-06-25,Ngọc Hải (NHJ) Tiền Giang,1000.0,34000.0,34000.0,34000000.0,34000000.0,34680000.0
2015-06-25,Phượng Hoàng PNJ Đông Á,1000.0,32000.0,32000.0,32000000.0,32000000.0,34680000.0
2015-06-25,SACOMBANK,1000.0,34000.0,34000.0,34000000.0,34000000.0,34680000.0
2015-06-25,VIETNAMGOLD,1000.0,34000.0,34000.0,34000000.0,34000000.0,34680000.0
2015-06-25,VPBANK,1000.0,34000.0,34000.0,34000000.0,34000000.0,34680000.0
2015-06-26,DONGA BANK,1000.0,34000.0,34000.0,34000000.0,34000000.0,34680000.0
2015-06-26,MARITIME BANK,1000.0,34000.0,34000.0,34000000.0,34000000.0,34680000.0
2015-06-26,Ngọc Hải (NHJ) TP.HCM,1000.0,34000.0,34000.0,34000000.0,34000000.0,34680000.0
2015-06-26,Ngọc Hải (NHJ) Tiền Giang,1000.0,34000.0,34000.0,34000000.0,34000000.0,34680000.0
2015-06-26,Phượng Hoàng PNJ Đông Á,1000.0,32000.0,32000.0,32000000.0,32000000.0,34680000.0
2015-06-26,SACOMBANK,1000.0,34000.0,34000.0,34000000.0,34000000.0,34680000.0
2015-06-26,VIETNAMGOLD,1000.0,34000.0,34000.0,34000000.0,34000000.0,34680000.0
2015-06-26,VPBANK,1000.0,34000.0,34000.0,34000000.0,34000000.0,34680000.0
2015-06-28,DONGA BANK,1000.0,34000.0,34000.0,34000000.0,34000000.0,34680000.0
2015-06-28,MARITIME BANK,1000.0,34000.0,34000.0,34000000.0,34000000.0,34680000.0
2015-06-28,Ngọc Hải (NHJ) TP.HCM,1000.0,34000.0,34000.0,34000000.0,34000000.0,34680000.0
2015-06-28,Ngọc Hải (NHJ) Tiền Giang,1000.0,34000.0,34000.0,34000000.0,34000000.0,34680000.0
2015-06-28,Phượng Hoàng PNJ Đông Á,1000.0,32000.0,32000.0,32000000.0,32000000.0,34680000.0
2015-06-28,SACOMBANK,1000.0,34000.0,34000.0,34000000.0,34000000.0,34680000.0
2015-06-28,VIETNAMGOLD,1000.0,34000.0,34000.0,34000000.0,34000000.0,34680000.0
2015-06-28,VPBANK,1000.0,34000.0,34000.0,34000000.0,34000000.0,34680000.0
2015-06-29,DONGA BANK,1000.0,34000.0,34000.0,34000000.0,34000000.0,34680000.0
2015-06-29,MARITIME BANK,1000.0,34000.0,34000.0,34000000.0,34000000.0,34680000.0
2015-06-29,Ngọc Hải (NHJ) TP.HCM,1000.0,34000.0,34000.0,34000000.0,34000000.0,34680000.0
2015-06-29,Ngọc Hải (NHJ) Tiền Giang,1000.0,34000.0,34000.0,34000000.0,34000000.0,34680000.0
2015-06-29,Phượng Hoàng PNJ Đông Á,1000.0,32000.0,32000.0,32000000.0,32000000.0,34680000.0
2015-06-29,SACOMBANK,1000.0,34000.0,34000.0,34000000.0,34000000.0,34680000.0
2015-06-29,VIETNAMGOLD,1000.0,34000.0,34000.0,34000000.0,34000000.0,34680000.0
2015-06-29,VPBANK,1000.0,34000.0,34000.0,34000000.0,34000000.0,34680000.0
2015-06-30,DONGA BANK,1000.0,34000.0,34000.0,34000000.0,34000000.0,34680000.0
2015-06-30,MARITIME BANK,1000.0,34000.0,34000.0,34000000.0,34000000.0,34680000.0
2015-06-30,Ngọc Hải (NHJ) TP.HCM,1000.0,34000.0,34000.0,34000000.0,34000000.0,34680000.0
2015-06-30,Ngọc Hải (NHJ) Tiền Giang,1000.0,34000.0,34000.0,34000000.0,34000000.0,34680000.0
2015-06-30,Phượng Hoàng PNJ Đông Á,1000.0,32000.0,32000.0,32000000.0,32000000.0,34680000.0
2015-06-30,SACOMBANK,1000.0,34000.0,34000.0,34000000.0,34000000.0,34680000.0
2015-06-30,VIETNAMGOLD,1000.0,34000.0,34000.0,34000000.0,34000000.0,34680000.0
2015-06-30,VPBANK,1000.0,34000.0,34000.0,34000000.0,34000000.0,34680000.0
2015-07-01,DONGA BANK,1000.0,34000.0,34000.0,34000000.0,34000000.0,34680000.0
2015-07-01,MARITIME BANK,1000.0,34000.0,34000.0,34000000.0,34000000.0,34680000.0
2015-07-01,Ngọc Hải (NHJ) TP.HCM,1000.0,34000.0,34000.0,34000000.0,34000000.0,34680000.0
2015-07-01,Ngọc Hải (NHJ) Tiền Giang,1000.0,34000.0,34000.0,34000000.0,34000000.0,34680000.0
2015-07-01,Phượng Hoàng PNJ Đông Á,1000.0,32000.0,32000.0,32000000.0,32000000.0,34680000.0
2015-07-01,SACOMBANK,1000.0,34000.0,34000.0,34000000.0,34000000.0,34680000.0
2015-07-01,VIETNAMGOLD,1000.0,34000.0,34000.0,34000000.0,34000000.0,34680000.0
2015-07-01,VPBANK,1000.0,34000.0,34000.0,34000000.0,34000000.0,34680000.0
2015-07-02,DONGA BANK,1000.0,34000.0,34000.0,34000000.0,34000000.0,34680000.0
2015-07-02,MARITIME BANK,1000.0,34000.0,34000.0,34000000.0,34000000.0,34680000.0
2015-07-02,Ngọc Hải (NHJ) TP.HCM,1000.0,34000.0,34000.0,34000000.0,34000000.0,34680000.0
2015-07-02,Ngọc Hải (NHJ) Tiền Giang,1000.0,34000.0,34000.0,34000000.0,34000000.0,34680000.0
2015-07-02,Phượng Hoàng PNJ Đông Á,1000.0,32000.0,32000.0,32000000.0,32000000.0,34680000.0
2015-07-02,SACOMBANK,1000.0,34000.0,34000.0,34000000.0,34000000.0,34680000.0
2015-07-02,VIETNAMGOLD,1000.0,34000.0,34000.0,34000000.0,34000000.0,34680000.0
2015-07-02,VPBANK,1000.0,34000.0,34000.0,34000000.0,34000000.0,34680000.0
2015-07-03,DONGA BANK,1000.0,34000.0,34000.0,34000000.0,34000000.0,34680000.0
2015-07-03,MARITIME BANK,1000.0,34000.0,34000.0,34000000.0,34000000.0,34680000.0
2015-07-03,Ngọc Hải (NHJ) TP.HCM,1000.0,34000.0,34000.0,34000000.0,34000000.0,34680000.0
2015-07-03,Ngọc Hải (NHJ) Tiền Giang,1000.0,34000.0,34000.0,34000000.0,34000000.0,34680000.0
2015-07-03,Phượng Hoàng PNJ Đông Á,1000.0,32000.0,32000.0,32000000.0,32000000.0,34680000.0
2015-07-03,SACOMBANK,1000.0,34000.0,34000.0,34000000.0,34000000.0,34680000.0
2015-07-03,VIETNAMGOLD,1000.0,34000.0,34000.0,34000000.0,34000000.0,34680000.0
2015-07-03,VPBANK,1000.0,34000.0,34000.0,34000000.0,34000000.0,34680000.0
2015-07-04,DONGA BANK,1000.0,34000.0,34000.0,34000000.0,34000000.0,34680000.0
2015-07-04,MARITIME BANK,1000.0,34000.0,34000.0,34000000.0,34000000.0,34680000.0
2015-07-04,Ngọc Hải (NHJ) TP.HCM,1000.0,34000.0,34000.0,34000000.0,34000000.0,34680000.0
2015-07-04,Ngọc Hải (NHJ) Tiền Giang,1000.0,34000.0,34000.0,34000000.0,34000000.0,34680000.0
2015-07-04,Phượng Hoàng PNJ Đông Á,1000.0,32000.0,32000.0,32000000.0,32000000.0,34680000.0
2015-07-04,SACOMBANK,1000.0,34000.0,34000.0,34000000.0,34000000.0,34680000.0
2015-07-04,VIETNAMGOLD,1000.0,34000.0,34000.0,34000000.0,34000000.0,34680000.0
2015-07-04,VPBANK,1000.0,34000.0,34000.0,34000000.0,34000000.0,34680000.0
2015-07-05,DONGA BANK,1000.0,34000.0,34000.0,34000000.0,34000000.0,34680000.0
2015-07-05,MARITIME BANK,1000.0,34000.0,34000.0,34000000.0,34000000.0,34680000.0
2015-07-05,Ngọc Hải (NHJ) TP.HCM,1000.0,34000.0,34000.0,34000000.0,34000000.0,34680000.0
2015-07-05,Ngọc Hải (NHJ) Tiền Giang,1000.0,34000.0,34000.0,34000000.0,34000000.0,34680000.0
2015-07-05,Phượng Hoàng PNJ Đông Á,1000.0,32000.0,32000.0,32000000.0,32000000.0,34680000.0
2015-07-05,SACOMBANK,1000.0,34000.0,34000.0,34000000.0,34000000.0,34680000.0
2015-07-05,VIETNAMGOLD,1000.0,34000.0,34000.0,34000000.0,34000000.0,34680000.0
2015-07-05,VPBANK,1000.0,34000.0,34000.0,34000000.0,34000000.0,34680000.0
2015-07-06,DONGA BANK,1000.0,34000.0,34000.0,34000000.0,34000000.0,34680000.0
2015-07-06,MARITIME BANK,1000.0,34000.0,34000.0,34000000.0,34000000.0,34680000.0
2015-07-06,Ngọc Hải (NHJ) TP.HCM,1000.0,34000.0,34000.0,34000000.0,34000000.0,34680000.0
2015-07-06,Ngọc Hải (NHJ) Tiền Giang,1000.0,34000.0,34000.0,34000000.0,34000000.0,34680000.0
2015-07-06,Phượng Hoàng PNJ Đông Á,1000.0,32000.0,32000.0,32000000.0,32000000.0,34680000.0
2015-07-06,SACOMBANK,1000.0,34000.0,34000.0,34000000.0,34000000.0,34680000.0
2015-07-06,VIETNAMGOLD,1000.0,34000.0,34000.0,34000000.0,34000000.0,34680000.0
2015-07-06,VPBANK,1000.0,34000.0,34000.0,34000000.0,34000000.0,34680000.0
2015-07-07,DONGA BANK,1000.0,34000.0,34000.0,34000000.0,34000000.0,34680000.0
2015-07-07,MARITIME BANK,1000.0,34000.0,34000.0,34000000.0,34000000.0,34680000.0
2015-07-07,Ngọc Hải (NHJ) TP.HCM,1000.0,34000.0,34000.0,34000000.0,34000000.0,34680000.0
2015-07-07,Ngọc Hải (NHJ) Tiền Giang,1000.0,34000.0,34000.0,34000000.0,34000000.0,34680000.0
2015-07-07,Phượng Hoàng PNJ Đông Á,1000.0,32000.0,32000.0,32000000.0,32000000.0,34680000.0
2015-07-07,SACOMBANK,1000.0,34000.0,34000.0,34000000.0,34000000.0,34680000.0
2015-07-07,VIETNAMGOLD,1000.0,34000.0,34000.0,34000000.0,34000000.0,34680000.0
2015-07-07,VPBANK,1000.0,34000.0,34000.0,34000000.0,34000000.0,34680000.0
2015-07-08,DONGA BANK,1000.0,34000.0,34000.0,34000000.0,34000000.0,34680000.0
2015-07-08,MARITIME BANK,1000.0,34000.0,34000.0,34000000.0,34000000.0,34680000.0
2015-07-08,Ngọc Hải (NHJ) TP.HCM,1000.0,34000.0,34000.0,34000000.0,34000000.0,34680000.0
2015-07-08,Ngọc Hải (NHJ) Tiền Giang,1000.0,34000.0,34000.0,34000000.0,34000000.0,34680000.0
2015-07-08,Phượng Hoàng PNJ Đông Á,1000.0,32000.0,32000.0,32000000.0,32000000.0,34680000.0
2015-07-08,SACOMBANK,1000.0,34000.0,34000.0,34000000.0,34000000.0,34680000.0
2015-07-08,VIETNAMGOLD,1000.0,34000.0,34000.0,34000000.0,34000000.0,34680000.0
2015-07-08,VPBANK,1000.0,34000.0,34000.0,34000000.0,34000000.0,34680000.0
2015-07-09,DONGA BANK,1000.0,34000.0,34000.0,34000000.0,34000000.0,34680000.0
2015-07-09,MARITIME BANK,1000.0,34000.0,34000.0,34000000.0,34000000.0,34680000.0
2015-07-09,Ngọc Hải (NHJ) TP.HCM,1000.0,34000.0,34000.0,34000000.0,34000000.0,34680000.0
2015-07-09,Ngọc Hải (NHJ) Tiền Giang,1000.0,34000.0,34000.0,34000000.0,34000000.0,34680000.0
2015-07-09,Phượng Hoàng PNJ Đông Á,1000.0,31000.0,32000.0,31000000.0,32000000.0,34680000.0
2015-07-09,SACOMBANK,1000.0,34000.0,34000.0,34000000.0,34000000.0,34680000.0
2015-07-09,VIETNAMGOLD,1000.0,34000.0,34000.0,34000000.0,34000000.0,34680000.0
2015-07-09,VPBANK,1000.0,34000.0,34000.0,34000000.0,34000000.0,34680000.0
2015-07-10,DONGA BANK,1000.0,34000.0,34000.0,34000000.0,34000000.0,34680000.0
2015-07-10,MARITIME BANK,1000.0,34000.0,34000.0,34000000.0,34000000.0,34680000.0
2015-07-10,Ngọc Hải (NHJ) TP.HCM,1000.0,34000.0,34000.0,34000000.0,34000000.0,34680000.0
2015-07-10,Ngọc Hải (NHJ) Tiền Giang,1000.0,34000.0,34000.0,34000000.0,34000000.0,34680000.0
2015-07-10,Phượng Hoàng PNJ Đông Á,1000.0,31000.0,32000.0,31000000.0,32000000.0,34680000.0
2015-07-10,SACOMBANK,1000.0,34000.0,34000.0,34000000.0,34000000.0,34680000.0
2015-07-10,VIETNAMGOLD,1000.0,34000.0,34000.0,34000000.0,34000000.0,34680000.0
2015-07-10,VPBANK,1000.0,34000.0,34000.0,34000000.0,34000000.0,34680000.0
2015-07-11,DONGA BANK,1000.0,34000.0,34000.0,34000000.0,34000000.0,34680000.0
2015-07-11,MARITIME BANK,1000.0,34000.0,34000.0,34000000.0,34000000.0,34680000.0
2015-07-11,Ngọc Hải (NHJ) TP.HCM,1000.0,34000.0,34000.0,34000000.0,34000000.0,34680000.0
2015-07-11,Ngọc Hải (NHJ) Tiền Giang,1000.0,34000.0,34000.0,34000000.0,34000000.0,34680000.0
2015-07-11,Phượng Hoàng PNJ Đông Á,1000.0,31000.0,32000.0,31000000.0,32000000.0,34680000.0
2015-07-11,SACOMBANK,1000.0,34000.0,34000.0,34000000.0,34000000.0,34680000.0
2015-07-11,VIETNAMGOLD,1000.0,34000.0,34000.0,34000000.0,34000000.0,34680000.0
2015-07-11,VPBANK,1000.0,34000.0,34000.0,34000000.0,34000000.0,34680000.0
2015-07-13,DONGA BANK,1000.0,34000.0,34000.0,34000000.0,34000000.0,34680000.0
2015-07-13,MARITIME BANK,1000.0,34000.0,34000.0,34000000.0,34000000.0,34680000.0
2015-07-13,Ngọc Hải (NHJ) TP.HCM,1000.0,34000.0,34000.0,34000000.0,34000000.0,34680000.0
2015-07-13,Ngọc Hải (NHJ) Tiền Giang,1000.0,34000.0,34000.0,34000000.0,34000000.0,34680000.0
2015-07-13,Phượng Hoàng PNJ Đông Á,1000.0,31000.0,32000.0,31000000.0,32000000.0,34680000.0
2015-07-13,SACOMBANK,1000.0,34000.0,34000.0,34000000.0,34000000.0,34680000.0
2015-07-13,VIETNAMGOLD,1000.0,34000.0,34000.0,34000000.0,34000000.0,34680000.0
2015-07-13,VPBANK,1000.0,34000.0,34000.0,34000000.0,34000000.0,34680000.0
2015-07-14,DONGA BANK,1000.0,34000.0,34000.0,34000000.0,34000000.0,34680000.0
2015-07-14,MARITIME BANK,1000.0,34000.0,34000.0,34000000.0,34000000.0,34680000.0
2015-07-14,Ngọc Hải (NHJ) TP.HCM,1000.0,34000.0,34000.0,34000000.0,34000000.0,34680000.0
2015-07-14,Ngọc Hải (NHJ) Tiền Giang,1000.0,34000.0,34000.0,34000000.0,34000000.0,34680000.0
2015-07-14,Phượng Hoàng PNJ Đông Á,1000.0,31000.0,32000.0,31000000.0,32000000.0,34680000.0
2015-07-14,SACOMBANK,1000.0,34000.0,34000.0,34000000.0,34000000.0,34680000.0
2015-07-14,VIETNAMGOLD,1000.0,34000.0,34000.0,34000000.0,34000000.0,34680000.0
2015-07-14,VPBANK,1000.0,34000.0,34000.0,34000000.0,34000000.0,34680000.0
2015-07-15,DONGA BANK,1000.0,34000.0,34000.0,34000000.0,34000000.0,34680000.0
2015-07-15,MARITIME BANK,1000.0,34000.0,34000.0,34000000.0,34000000.0,34680000.0
2015-07-15,Ngọc Hải (NHJ) TP.HCM,1000.0,34000.0,34000.0,34000000.0,34000000.0,34680000.0
2015-07-15,Ngọc Hải (NHJ) Tiền Giang,1000.0,34000.0,34000.0,34000000.0,34000000.0,34680000.0
2015-07-15,Phượng Hoàng PNJ Đông Á,1000.0,31000.0,32000.0,31000000.0,32000000.0,34680000.0
2015-07-15,SACOMBANK,1000.0,34000.0,34000.0,34000000.0,34000000.0,34680000.0
2015-07-15,VIETNAMGOLD,1000.0,34000.0,34000.0,34000000.0,34000000.0,34680000.0
2015-07-15,VPBANK,1000.0,34000.0,34000.0,34000000.0,34000000.0,34680000.0
2015-07-16,DONGA BANK,1000.0,34000.0,34000.0,34000000.0,34000000.0,34000000.0
2015-07-16,MARITIME BANK,1000.0,34000.0,34000.0,34000000.0,34000000.0,34000000.0
2015-07-16,Ngọc Hải (NHJ) TP.HCM,1000.0,34000.0,34000.0,34000000.0,34000000.0,34000000.0
2015-07-16,Ngọc Hải (NHJ) Tiền Giang,1000.0,34000.0,34000.0,34000000.0,34000000.0,34000000.0
2015-07-16,Phượng Hoàng PNJ Đông Á,1000.0,31000.0,32000.0,31000000.0,32000000.0,34000000.0
2015-07-16,SACOMBANK,1000.0,34000.0,34000.0,34000000.0,34000000.0,34000000.0
2015-07-16,VIETNAMGOLD,1000.0,34000.0,34000.0,34000000.0,34000000.0,34000000.0
2015-07-16,VPBANK,1000.0,34000.0,34000.0,34000000.0,34000000.0,34000000.0
2015-07-17,DONGA BANK,1000.0,33000.0,33000.0,33000000.0,33000000.0,34180000.0
2015-07-17,MARITIME BANK,1000.0,33000.0,33000.0,33000000.0,33000000.0,34180000.0
2015-07-17,Ngọc Hải (NHJ) TP.HCM,1000.0,33000.0,33000.0,33000000.0,33000000.0,34180000.0
2015-07-17,Ngọc Hải (NHJ) Tiền Giang,1000.0,33000.0,33000.0,33000000.0,33000000.0,34180000.0
2015-07-17,Phượng Hoàng PNJ Đông Á,1000.0,31000.0,31000.0,31000000.0,31000000.0,34180000.0
2015-07-17,SACOMBANK,1000.0,33000.0,33000.0,33000000.0,33000000.0,34180000.0
2015-07-17,VIETNAMGOLD,1000.0,33000.0,33000.0,33000000.0,33000000.0,34180000.0
2015-07-17,VPBANK,1000.0,33000.0,33000.0,33000000.0,33000000.0,34180000.0
2015-07-18,DONGA BANK,1000.0,33000.0,33000.0,33000000.0,33000000.0,34180000.0
2015-07-18,MARITIME BANK,1000.0,33000.0,33000.0,33000000.0,33000000.0,34180000.0
2015-07-18,Ngọc Hải (NHJ) TP.HCM,1000.0,33000.0,33000.0,33000000.0,33000000.0,34180000.0
2015-07-18,Ngọc Hải (NHJ) Tiền Giang,1000.0,33000.0,33000.0,33000000.0,33000000.0,34180000.0
2015-07-18,Phượng Hoàng PNJ Đông Á,1000.0,31000.0,31000.0,31000000.0,31000000.0,34180000.0
2015-07-18,SACOMBANK,1000.0,33000.0,33000.0,33000000.0,33000000.0,34180000.0
2015-07-18,VIETNAMGOLD,1000.0,33000.0,33000.0,33000000.0,33000000.0,34180000.0
2015-07-18,VPBANK,1000.0,33000.0,33000.0,33000000.0,33000000.0,34180000.0
2015-07-19,DONGA BANK,1000.0,33000.0,33000.0,33000000.0,33000000.0,34180000.0
2015-07-19,MARITIME BANK,1000.0,33000.0,33000.0,33000000.0,33000000.0,34180000.0
2015-07-19,Ngọc Hải (NHJ) TP.HCM,1000.0,33000.0,33000.0,33000000.0,33000000.0,34180000.0
2015-07-19,Ngọc Hải (NHJ) Tiền Giang,1000.0,33000.0,33000.0,33000000.0,33000000.0,34180000.0
2015-07-19,Phượng Hoàng PNJ Đông Á,1000.0,31000.0,31000.0,31000000.0,31000000.0,34180000.0
2015-07-19,SACOMBANK,1000.0,33000.0,33000.0,33000000.0,33000000.0,34180000.0
2015-07-19,VIETNAMGOLD,1000.0,33000.0,33000.0,33000000.0,33000000.0,34180000.0
2015-07-19,VPBANK,1000.0,33000.0,33000.0,33000000.0,33000000.0,34180000.0
2015-07-20,DONGA BANK,1000.0,33000.0,33000.0,33000000.0,33000000.0,34180000.0
2015-07-20,MARITIME BANK,1000.0,33000.0,33000.0,33000000.0,33000000.0,34180000.0
2015-07-20,Ngọc Hải (NHJ) TP.HCM,1000.0,33000.0,33000.0,33000000.0,33000000.0,34180000.0
2015-07-20,Ngọc Hải (NHJ) Tiền Giang,1000.0,33000.0,33000.0,33000000.0,33000000.0,34180000.0
2015-07-20,Phượng Hoàng PNJ Đông Á,1000.0,31000.0,31000.0,31000000.0,31000000.0,34180000.0
2015-07-20,SACOMBANK,1000.0,33000.0,33000.0,33000000.0,33000000.0,34180000.0
2015-07-20,VIETNAMGOLD,1000.0,33000.0,33000.0,33000000.0,33000000.0,34180000.0
2015-07-20,VPBANK,1000.0,33000.0,33000.0,33000000.0,33000000.0,34180000.0
2015-07-21,DONGA BANK,1000.0,33000.0,33000.0,33000000.0,33000000.0,34180000.0
2015-07-21,MARITIME BANK,1000.0,33000.0,33000.0,33000000.0,33000000.0,34180000.0
2015-07-21,Ngọc Hải (NHJ) TP.HCM,1000.0,33000.0,33000.0,33000000.0,33000000.0,34180000.0
2015-07-21,Ngọc Hải (NHJ) Tiền Giang,1000.0,33000.0,33000.0,33000000.0,33000000.0,34180000.0
2015-07-21,Phượng Hoàng PNJ Đông Á,1000.0,31000.0,31000.0,31000000.0,31000000.0,34180000.0
2015-07-21,SACOMBANK,1000.0,33000.0,33000.0,33000000.0,33000000.0,34180000.0
2015-07-21,VIETNAMGOLD,1000.0,33000.0,33000.0,33000000.0,33000000.0,34180000.0
2015-07-21,VPBANK,1000.0,33000.0,33000.0,33000000.0,33000000.0,34180000.0
2015-07-22,DONGA BANK,1000.0,33000.0,33000.0,33000000.0,33000000.0,34180000.0
2015-07-22,MARITIME BANK,1000.0,33000.0,33000.0,33000000.0,33000000.0,34180000.0
2015-07-22,Ngọc Hải (NHJ) TP.HCM,1000.0,33000.0,33000.0,33000000.0,33000000.0,34180000.0
2015-07-22,Ngọc Hải (NHJ) Tiền Giang,1000.0,33000.0,33000.0,33000000.0,33000000.0,34180000.0
2015-07-22,Phượng Hoàng PNJ Đông Á,1000.0,30000.0,31000.0,30000000.0,31000000.0,34180000.0
2015-07-22,SACOMBANK,1000.0,33000.0,33000.0,33000000.0,33000000.0,34180000.0
2015-07-22,VIETNAMGOLD,1000.0,33000.0,33000.0,33000000.0,33000000.0,34180000.0
2015-07-22,VPBANK,1000.0,33000.0,33000.0,33000000.0,33000000.0,34180000.0
2015-07-23,DONGA BANK,1000.0,33000.0,33000.0,33000000.0,33000000.0,34180000.0
2015-07-23,MARITIME BANK,1000.0,33000.0,33000.0,33000000.0,33000000.0,34180000.0
2015-07-23,Ngọc Hải (NHJ) TP.HCM,1000.0,33000.0,33000.0,33000000.0,33000000.0,34180000.0
2015-07-23,Ngọc Hải (NHJ) Tiền Giang,1000.0,33000.0,33000.0,33000000.0,33000000.0,34180000.0
2015-07-23,Phượng Hoàng PNJ Đông Á,1000.0,30000.0,30000.0,30000000.0,30000000.0,34180000.0
2015-07-23,SACOMBANK,1000.0,33000.0,33000.0,33000000.0,33000000.0,34180000.0
2015-07-23,VIETNAMGOLD,1000.0,33000.0,33000.0,33000000.0,33000000.0,34180000.0
2015-07-23,VPBANK,1000.0,33000.0,33000.0,33000000.0,33000000.0,34180000.0
2015-07-24,DONGA BANK,1000.0,33000.0,33000.0,33000000.0,33000000.0,34180000.0
2015-07-24,MARITIME BANK,1000.0,33000.0,33000.0,33000000.0,33000000.0,34180000.0
2015-07-24,Ngọc Hải (NHJ) TP.HCM,1000.0,33000.0,33000.0,33000000.0,33000000.0,34180000.0
2015-07-24,Ngọc Hải (NHJ) Tiền Giang,1000.0,33000.0,33000.0,33000000.0,33000000.0,34180000.0
2015-07-24,Phượng Hoàng PNJ Đông Á,1000.0,30000.0,30000.0,30000000.0,30000000.0,34180000.0
2015-07-24,SACOMBANK,1000.0,33000.0,33000.0,33000000.0,33000000.0,34180000.0
2015-07-24,VIETNAMGOLD,1000.0,33000.0,33000.0,33000000.0,33000000.0,34180000.0
2015-07-24,VPBANK,1000.0,33000.0,33000.0,33000000.0,33000000.0,34180000.0
2015-07-25,DONGA BANK,1000.0,33000.0,33000.0,33000000.0,33000000.0,34180000.0
2015-07-25,MARITIME BANK,1000.0,33000.0,33000.0,33000000.0,33000000.0,34180000.0
2015-07-25,Ngọc Hải (NHJ) TP.HCM,1000.0,33000.0,33000.0,33000000.0,33000000.0,34180000.0
2015-07-25,Ngọc Hải (NHJ) Tiền Giang,1000.0,33000.0,33000.0,33000000.0,33000000.0,34180000.0
2015-07-25,Phượng Hoàng PNJ Đông Á,1000.0,30000.0,30000.0,30000000.0,30000000.0,34180000.0
2015-07-25,SACOMBANK,1000.0,33000.0,33000.0,33000000.0,33000000.0,34180000.0
2015-07-25,VIETNAMGOLD,1000.0,33000.0,33000.0,33000000.0,33000000.0,34180000.0
2015-07-25,VPBANK,1000.0,33000.0,33000.0,33000000.0,33000000.0,34180000.0
2015-07-26,DONGA BANK,1000.0,33000.0,33000.0,33000000.0,33000000.0,34180000.0
2015-07-26,MARITIME BANK,1000.0,33000.0,33000.0,33000000.0,33000000.0,34180000.0
2015-07-26,Ngọc Hải (NHJ) TP.HCM,1000.0,33000.0,33000.0,33000000.0,33000000.0,34180000.0
2015-07-26,Ngọc Hải (NHJ) Tiền Giang,1000.0,33000.0,33000.0,33000000.0,33000000.0,34180000.0
2015-07-26,Phượng Hoàng PNJ Đông Á,1000.0,30000.0,30000.0,30000000.0,30000000.0,34180000.0
2015-07-26,SACOMBANK,1000.0,33000.0,33000.0,33000000.0,33000000.0,34180000.0
2015-07-26,VIETNAMGOLD,1000.0,33000.0,33000.0,33000000.0,33000000.0,34180000.0
2015-07-26,VPBANK,1000.0,33000.0,33000.0,33000000.0,33000000.0,34180000.0
2015-07-27,DONGA BANK,1000.0,33000.0,33000.0,33000000.0,33000000.0,33000000.0
2015-07-27,MARITIME BANK,1000.0,33000.0,33000.0,33000000.0,33000000.0,33000000.0
2015-07-27,Ngọc Hải (NHJ) TP.HCM,1000.0,33000.0,33000.0,33000000.0,33000000.0,33000000.0
2015-07-27,Ngọc Hải (NHJ) Tiền Giang,1000.0,33000.0,33000.0,33000000.0,33000000.0,33000000.0
2015-07-27,Phượng Hoàng PNJ Đông Á,1000.0,30000.0,30000.0,30000000.0,30000000.0,33000000.0
2015-07-27,SACOMBANK,1000.0,33000.0,33000.0,33000000.0,33000000.0,33000000.0
2015-07-27,VIETNAMGOLD,1000.0,33000.0,33000.0,33000000.0,33000000.0,33000000.0
2015-07-27,VPBANK,1000.0,33000.0,33000.0,33000000.0,33000000.0,33000000.0
2015-07-28,DONGA BANK,1000.0,33000.0,33000.0,33000000.0,33000000.0,34180000.0
2015-07-28,MARITIME BANK,1000.0,33000.0,33000.0,33000000.0,33000000.0,34180000.0
2015-07-28,Ngọc Hải (NHJ) TP.HCM,1000.0,33000.0,33000.0,33000000.0,33000000.0,34180000.0
2015-07-28,Ngọc Hải (NHJ) Tiền Giang,1000.0,33000.0,33000.0,33000000.0,33000000.0,34180000.0
2015-07-28,Phượng Hoàng PNJ Đông Á,1000.0,30000.0,30000.0,30000000.0,30000000.0,34180000.0
2015-07-28,SACOMBANK,1000.0,33000.0,33000.0,33000000.0,33000000.0,34180000.0
2015-07-28,VIETNAMGOLD,1000.0,33000.0,33000.0,33000000.0,33000000.0,34180000.0
2015-07-28,VPBANK,1000.0,33000.0,33000.0,33000000.0,33000000.0,34180000.0
2015-07-29,DONGA BANK,1000.0,33000.0,33000.0,33000000.0,33000000.0,34180000.0
2015-07-29,MARITIME BANK,1000.0,33000.0,33000.0,33000000.0,33000000.0,34180000.0
2015-07-29,Ngọc Hải (NHJ) TP.HCM,1000.0,33000.0,33000.0,33000000.0,33000000.0,34180000.0
2015-07-29,Ngọc Hải (NHJ) Tiền Giang,1000.0,33000.0,33000.0,33000000.0,33000000.0,34180000.0
2015-07-29,Phượng Hoàng PNJ Đông Á,1000.0,30000.0,30000.0,30000000.0,30000000.0,34180000.0
2015-07-29,SACOMBANK,1000.0,33000.0,33000.0,33000000.0,33000000.0,34180000.0
2015-07-29,VIETNAMGOLD,1000.0,33000.0,33000.0,33000000.0,33000000.0,34180000.0
2015-07-29,VPBANK,1000.0,33000.0,33000.0,33000000.0,33000000.0,34180000.0
2015-07-30,DONGA BANK,1000.0,33000.0,33000.0,33000000.0,33000000.0,34180000.0
2015-07-30,MARITIME BANK,1000.0,33000.0,33000.0,33000000.0,33000000.0,34180000.0
2015-07-30,Ngọc Hải (NHJ) TP.HCM,1000.0,33000.0,33000.0,33000000.0,33000000.0,34180000.0
2015-07-30,Ngọc Hải (NHJ) Tiền Giang,1000.0,33000.0,33000.0,33000000.0,33000000.0,34180000.0
2015-07-30,Phượng Hoàng PNJ Đông Á,1000.0,30000.0,30000.0,30000000.0,30000000.0,34180000.0
2015-07-30,SACOMBANK,1000.0,33000.0,33000.0,33000000.0,33000000.0,34180000.0
2015-07-30,VIETNAMGOLD,1000.0,33000.0,33000.0,33000000.0,33000000.0,34180000.0
2015-07-30,VPBANK,1000.0,33000.0,33000.0,33000000.0,33000000.0,34180000.0
2015-07-31,DONGA BANK,1000.0,33000.0,33000.0,33000000.0,33000000.0,34180000.0
2015-07-31,MARITIME BANK,1000.0,33000.0,33000.0,33000000.0,33000000.0,34180000.0
2015-07-31,Ngọc Hải (NHJ) TP.HCM,1000.0,33000.0,33000.0,33000000.0,33000000.0,34180000.0
2015-07-31,Ngọc Hải (NHJ) Tiền Giang,1000.0,33000.0,33000.0,33000000.0,33000000.0,34180000.0
2015-07-31,Phượng Hoàng PNJ Đông Á,1000.0,30000.0,30000.0,30000000.0,30000000.0,34180000.0
2015-07-31,SACOMBANK,1000.0,33000.0,33000.0,33000000.0,33000000.0,34180000.0
2015-07-31,VIETNAMGOLD,1000.0,33000.0,33000.0,33000000.0,33000000.0,34180000.0
2015-07-31,VPBANK,1000.0,33000.0,33000.0,33000000.0,33000000.0,34180000.0
2015-08-01,DONGA BANK,1000.0,33000.0,33000.0,33000000.0,33000000.0,33000000.0
2015-08-01,MARITIME BANK,1000.0,33000.0,33000.0,33000000.0,33000000.0,33000000.0
2015-08-01,Ngọc Hải (NHJ) TP.HCM,1000.0,33000.0,33000.0,33000000.0,33000000.0,33000000.0
2015-08-01,Ngọc Hải (NHJ) Tiền Giang,1000.0,33000.0,33000.0,33000000.0,33000000.0,33000000.0
2015-08-01,Phượng Hoàng PNJ Đông Á,1000.0,30000.0,30000.0,30000000.0,30000000.0,33000000.0
2015-08-01,SACOMBANK,1000.0,33000.0,33000.0,33000000.0,33000000.0,33000000.0
2015-08-01,VIETNAMGOLD,1000.0,33000.0,33000.0,33000000.0,33000000.0,33000000.0
2015-08-01,VPBANK,1000.0,33000.0,33000.0,33000000.0,33000000.0,33000000.0
2015-08-02,DONGA BANK,1000.0,33000.0,33000.0,33000000.0,33000000.0,33000000.0
2015-08-02,MARITIME BANK,1000.0,33000.0,33000.0,33000000.0,33000000.0,33000000.0
2015-08-02,Ngọc Hải (NHJ) TP.HCM,1000.0,33000.0,33000.0,33000000.0,33000000.0,33000000.0
2015-08-02,Ngọc Hải (NHJ) Tiền Giang,1000.0,33000.0,33000.0,33000000.0,33000000.0,33000000.0
2015-08-02,Phượng Hoàng PNJ Đông Á,1000.0,30000.0,30000.0,30000000.0,30000000.0,33000000.0
2015-08-02,SACOMBANK,1000.0,33000.0,33000.0,33000000.0,33000000.0,33000000.0
2015-08-02,VIETNAMGOLD,1000.0,33000.0,33000.0,33000000.0,33000000.0,33000000.0
2015-08-02,VPBANK,1000.0,33000.0,33000.0,33000000.0,33000000.0,33000000.0
2015-08-03,DONGA BANK,1000.0,33000.0,33000.0,33000000.0,33000000.0,34180000.0
2015-08-03,MARITIME BANK,1000.0,33000.0,33000.0,33000000.0,33000000.0,34180000.0
2015-08-03,Ngọc Hải (NHJ) TP.HCM,1000.0,33000.0,33000.0,33000000.0,33000000.0,34180000.0
2015-08-03,Ngọc Hải (NHJ) Tiền Giang,1000.0,33000.0,33000.0,33000000.0,33000000.0,34180000.0
2015-08-03,Phượng Hoàng PNJ Đông Á,1000.0,30000.0,30000.0,30000000.0,30000000.0,34180000.0
2015-08-03,SACOMBANK,1000.0,33000.0,33000.0,33000000.0,33000000.0,34180000.0
2015-08-03,VIETNAMGOLD,1000.0,33000.0,33000.0,33000000.0,33000000.0,34180000.0
2015-08-03,VPBANK,1000.0,33000.0,33000.0,33000000.0,33000000.0,34180000.0
2015-08-04,DONGA BANK,1000.0,33000.0,33000.0,33000000.0,33000000.0,34180000.0
2015-08-04,MARITIME BANK,1000.0,33000.0,33000.0,33000000.0,33000000.0,34180000.0
2015-08-04,Ngọc Hải (NHJ) TP.HCM,1000.0,33000.0,33000.0,33000000.0,33000000.0,34180000.0
2015-08-04,Ngọc Hải (NHJ) Tiền Giang,1000.0,33000.0,33000.0,33000000.0,33000000.0,34180000.0
2015-08-04,Phượng Hoàng PNJ Đông Á,1000.0,30000.0,30000.0,30000000.0,30000000.0,34180000.0
2015-08-04,SACOMBANK,1000.0,33000.0,33000.0,33000000.0,33000000.0,34180000.0
2015-08-04,VIETNAMGOLD,1000.0,33000.0,33000.0,33000000.0,33000000.0,34180000.0
2015-08-04,VPBANK,1000.0,33000.0,33000.0,33000000.0,33000000.0,34180000.0
2015-08-05,DONGA BANK,1000.0,33000.0,33000.0,33000000.0,33000000.0,34180000.0
2015-08-05,MARITIME BANK,1000.0,33000.0,33000.0,33000000.0,33000000.0,34180000.0
2015-08-05,Ngọc Hải (NHJ) TP.HCM,1000.0,33000.0,33000.0,33000000.0,33000000.0,34180000.0
2015-08-05,Ngọc Hải (NHJ) Tiền Giang,1000.0,33000.0,33000.0,33000000.0,33000000.0,34180000.0
2015-08-05,Phượng Hoàng PNJ Đông Á,1000.0,30000.0,30000.0,30000000.0,30000000.0,34180000.0
2015-08-05,SACOMBANK,1000.0,33000.0,33000.0,33000000.0,33000000.0,34180000.0
2015-08-05,VIETNAMGOLD,1000.0,33000.0,33000.0,33000000.0,33000000.0,34180000.0
2015-08-05,VPBANK,1000.0,33000.0,33000.0,33000000.0,33000000.0,34180000.0
2015-08-06,DONGA BANK,1000.0,33000.0,33000.0,33000000.0,33000000.0,34180000.0
2015-08-06,MARITIME BANK,1000.0,33000.0,33000.0,33000000.0,33000000.0,34180000.0
2015-08-06,Ngọc Hải (NHJ) TP.HCM,1000.0,33000.0,33000.0,33000000.0,33000000.0,34180000.0
2015-08-06,Ngọc Hải (NHJ) Tiền Giang,1000.0,33000.0,33000.0,33000000.0,33000000.0,34180000.0
2015-08-06,Phượng Hoàng PNJ Đông Á,1000.0,30000.0,30000.0,30000000.0,30000000.0,34180000.0
2015-08-06,SACOMBANK,1000.0,33000.0,33000.0,33000000.0,33000000.0,34180000.0
2015-08-06,VIETNAMGOLD,1000.0,33000.0,33000.0,33000000.0,33000000.0,34180000.0
2015-08-06,VPBANK,1000.0,33000.0,33000.0,33000000.0,33000000.0,34180000.0
2015-08-07,DONGA BANK,1000.0,33000.0,33000.0,33000000.0,33000000.0,34180000.0
2015-08-07,MARITIME BANK,1000.0,33000.0,33000.0,33000000.0,33000000.0,34180000.0
2015-08-07,Ngọc Hải (NHJ) TP.HCM,1000.0,33000.0,33000.0,33000000.0,33000000.0,34180000.0
2015-08-07,Ngọc Hải (NHJ) Tiền Giang,1000.0,33000.0,33000.0,33000000.0,33000000.0,34180000.0
2015-08-07,Phượng Hoàng PNJ Đông Á,1000.0,30000.0,30000.0,30000000.0,30000000.0,34180000.0
2015-08-07,SACOMBANK,1000.0,33000.0,33000.0,33000000.0,33000000.0,34180000.0
2015-08-07,VIETNAMGOLD,1000.0,33000.0,33000.0,33000000.0,33000000.0,34180000.0
2015-08-07,VPBANK,1000.0,33000.0,33000.0,33000000.0,33000000.0,34180000.0
2015-08-08,DONGA BANK,1000.0,33000.0,33000.0,33000000.0,33000000.0,34180000.0
2015-08-08,MARITIME BANK,1000.0,33000.0,33000.0,33000000.0,33000000.0,34180000.0
2015-08-08,Ngọc Hải (NHJ) TP.HCM,1000.0,33000.0,33000.0,33000000.0,33000000.0,34180000.0
2015-08-08,Ngọc Hải (NHJ) Tiền Giang,1000.0,33000.0,33000.0,33000000.0,33000000.0,34180000.0
2015-08-08,Phượng Hoàng PNJ Đông Á,1000.0,30000.0,30000.0,30000000.0,30000000.0,34180000.0
2015-08-08,SACOMBANK,1000.0,33000.0,33000.0,33000000.0,33000000.0,34180000.0
2015-08-08,VIETNAMGOLD,1000.0,33000.0,33000.0,33000000.0,33000000.0,34180000.0
2015-08-08,VPBANK,1000.0,33000.0,33000.0,33000000.0,33000000.0,34180000.0
2015-08-09,DONGA BANK,1000.0,33000.0,33000.0,33000000.0,33000000.0,34180000.0
2015-08-09,MARITIME BANK,1000.0,33000.0,33000.0,33000000.0,33000000.0,34180000.0
2015-08-09,Ngọc Hải (NHJ) TP.HCM,1000.0,33000.0,33000.0,33000000.0,33000000.0,34180000.0
2015-08-09,Ngọc Hải (NHJ) Tiền Giang,1000.0,33000.0,33000.0,33000000.0,33000000.0,34180000.0
2015-08-09,Phượng Hoàng PNJ Đông Á,1000.0,30000.0,30000.0,30000000.0,30000000.0,34180000.0
2015-08-09,SACOMBANK,1000.0,33000.0,33000.0,33000000.0,33000000.0,34180000.0
2015-08-09,VIETNAMGOLD,1000.0,33000.0,33000.0,33000000.0,33000000.0,34180000.0
2015-08-09,VPBANK,1000.0,33000.0,33000.0,33000000.0,33000000.0,34180000.0
2015-08-10,DONGA BANK,1000.0,33000.0,33000.0,33000000.0,33000000.0,34180000.0
2015-08-10,MARITIME BANK,1000.0,33000.0,33000.0,33000000.0,33000000.0,34180000.0
2015-08-10,Ngọc Hải (NHJ) TP.HCM,1000.0,33000.0,33000.0,33000000.0,33000000.0,34180000.0
2015-08-10,Ngọc Hải (NHJ) Tiền Giang,1000.0,33000.0,33000.0,33000000.0,33000000.0,34180000.0
2015-08-10,Phượng Hoàng PNJ Đông Á,1000.0,30000.0,30000.0,30000000.0,30000000.0,34180000.0
2015-08-10,SACOMBANK,1000.0,33000.0,33000.0,33000000.0,33000000.0,34180000.0
2015-08-10,VIETNAMGOLD,1000.0,33000.0,33000.0,33000000.0,33000000.0,34180000.0
2015-08-10,VPBANK,1000.0,33000.0,33000.0,33000000.0,33000000.0,34180000.0
2015-08-11,DONGA BANK,1000.0,33000.0,33000.0,33000000.0,33000000.0,34180000.0
2015-08-11,MARITIME BANK,1000.0,33000.0,33000.0,33000000.0,33000000.0,34180000.0
2015-08-11,Ngọc Hải (NHJ) TP.HCM,1000.0,33000.0,33000.0,33000000.0,33000000.0,34180000.0
2015-08-11,Ngọc Hải (NHJ) Tiền Giang,1000.0,33000.0,33000.0,33000000.0,33000000.0,34180000.0
2015-08-11,Phượng Hoàng PNJ Đông Á,1000.0,30000.0,30000.0,30000000.0,30000000.0,34180000.0
2015-08-11,SACOMBANK,1000.0,33000.0,33000.0,33000000.0,33000000.0,34180000.0
2015-08-11,VIETNAMGOLD,1000.0,33000.0,33000.0,33000000.0,33000000.0,34180000.0
2015-08-11,VPBANK,1000.0,33000.0,33000.0,33000000.0,33000000.0,34180000.0
2015-08-12,DONGA BANK,1000.0,33000.0,33000.0,33000000.0,33000000.0,34180000.0
2015-08-12,MARITIME BANK,1000.0,33000.0,33000.0,33000000.0,33000000.0,34180000.0
2015-08-12,Ngọc Hải (NHJ) TP.HCM,1000.0,33000.0,33000.0,33000000.0,33000000.0,34180000.0
2015-08-12,Ngọc Hải (NHJ) Tiền Giang,1000.0,33000.0,33000.0,33000000.0,33000000.0,34180000.0
2015-08-12,Phượng Hoàng PNJ Đông Á,1000.0,30000.0,30000.0,30000000.0,30000000.0,34180000.0
2015-08-12,SACOMBANK,1000.0,33000.0,33000.0,33000000.0,33000000.0,34180000.0
2015-08-12,VIETNAMGOLD,1000.0,33000.0,33000.0,33000000.0,33000000.0,34180000.0
2015-08-12,VPBANK,1000.0,33000.0,33000.0,33000000.0,33000000.0,34180000.0
2015-08-13,DONGA BANK,1000.0,33000.0,34000.0,33000000.0,34000000.0,34680000.0
2015-08-13,MARITIME BANK,1000.0,33000.0,34000.0,33000000.0,34000000.0,34680000.0
2015-08-13,Ngọc Hải (NHJ) TP.HCM,1000.0,33000.0,34000.0,33000000.0,34000000.0,34680000.0
2015-08-13,Ngọc Hải (NHJ) Tiền Giang,1000.0,33000.0,34000.0,33000000.0,34000000.0,34680000.0
2015-08-13,Phượng Hoàng PNJ Đông Á,1000.0,31000.0,31000.0,31000000.0,31000000.0,34680000.0
2015-08-13,SACOMBANK,1000.0,33000.0,34000.0,33000000.0,34000000.0,34680000.0
2015-08-13,VIETNAMGOLD,1000.0,34000.0,34000.0,34000000.0,34000000.0,34680000.0
2015-08-13,VPBANK,1000.0,33000.0,34000.0,33000000.0,34000000.0,34680000.0
2015-08-14,DONGA BANK,1000.0,34000.0,35000.0,34000000.0,35000000.0,35180000.0
2015-08-14,MARITIME BANK,1000.0,34000.0,35000.0,34000000.0,35000000.0,35180000.0
2015-08-14,Ngọc Hải (NHJ) TP.HCM,1000.0,34000.0,35000.0,34000000.0,35000000.0,35180000.0
2015-08-14,Ngọc Hải (NHJ) Tiền Giang,1000.0,34000.0,35000.0,34000000.0,35000000.0,35180000.0
2015-08-14,Phượng Hoàng PNJ Đông Á,1000.0,31000.0,31000.0,31000000.0,31000000.0,35180000.0
2015-08-14,SACOMBANK,1000.0,34000.0,35000.0,34000000.0,35000000.0,35180000.0
2015-08-14,VIETNAMGOLD,1000.0,34000.0,35000.0,34000000.0,35000000.0,35180000.0
2015-08-14,VPBANK,1000.0,34000.0,35000.0,34000000.0,35000000.0,35180000.0
2015-08-15,DONGA BANK,1000.0,34000.0,35000.0,34000000.0,35000000.0,35180000.0
2015-08-15,MARITIME BANK,1000.0,34000.0,35000.0,34000000.0,35000000.0,35180000.0
2015-08-15,Ngọc Hải (NHJ) TP.HCM,1000.0,34000.0,35000.0,34000000.0,35000000.0,35180000.0
2015-08-15,Ngọc Hải (NHJ) Tiền Giang,1000.0,34000.0,35000.0,34000000.0,35000000.0,35180000.0
2015-08-15,Phượng Hoàng PNJ Đông Á,1000.0,31000.0,31000.0,31000000.0,31000000.0,35180000.0
2015-08-15,SACOMBANK,1000.0,34000.0,35000.0,34000000.0,35000000.0,35180000.0
2015-08-15,VIETNAMGOLD,1000.0,34000.0,35000.0,34000000.0,35000000.0,35180000.0
2015-08-15,VPBANK,1000.0,34000.0,35000.0,34000000.0,35000000.0,35180000.0
2015-08-16,DONGA BANK,1000.0,34000.0,35000.0,34000000.0,35000000.0,35180000.0
2015-08-16,MARITIME BANK,1000.0,34000.0,35000.0,34000000.0,35000000.0,35180000.0
2015-08-16,Ngọc Hải (NHJ) TP.HCM,1000.0,34000.0,35000.0,34000000.0,35000000.0,35180000.0
2015-08-16,Ngọc Hải (NHJ) Tiền Giang,1000.0,34000.0,35000.0,34000000.0,35000000.0,35180000.0
2015-08-16,Phượng Hoàng PNJ Đông Á,1000.0,31000.0,31000.0,31000000.0,31000000.0,35180000.0
2015-08-16,SACOMBANK,1000.0,34000.0,35000.0,34000000.0,35000000.0,35180000.0
2015-08-16,VIETNAMGOLD,1000.0,34000.0,35000.0,34000000.0,35000000.0,35180000.0
2015-08-16,VPBANK,1000.0,34000.0,35000.0,34000000.0,35000000.0,35180000.0
2015-08-17,DONGA BANK,1000.0,34000.0,35000.0,34000000.0,35000000.0,35180000.0
2015-08-17,MARITIME BANK,1000.0,34000.0,35000.0,34000000.0,35000000.0,35180000.0
2015-08-17,Ngọc Hải (NHJ) TP.HCM,1000.0,34000.0,35000.0,34000000.0,35000000.0,35180000.0
2015-08-17,Ngọc Hải (NHJ) Tiền Giang,1000.0,34000.0,35000.0,34000000.0,35000000.0,35180000.0
2015-08-17,Phượng Hoàng PNJ Đông Á,1000.0,31000.0,31000.0,31000000.0,31000000.0,35180000.0
2015-08-17,SACOMBANK,1000.0,34000.0,35000.0,34000000.0,35000000.0,35180000.0
2015-08-17,VIETNAMGOLD,1000.0,34000.0,35000.0,34000000.0,35000000.0,35180000.0
2015-08-17,VPBANK,1000.0,34000.0,35000.0,34000000.0,35000000.0,35180000.0
2015-08-18,DONGA BANK,1000.0,34000.0,35000.0,34000000.0,35000000.0,35180000.0
2015-08-18,MARITIME BANK,1000.0,34000.0,35000.0,34000000.0,35000000.0,35180000.0
2015-08-18,Ngọc Hải (NHJ) TP.HCM,1000.0,34000.0,35000.0,34000000.0,35000000.0,35180000.0
2015-08-18,Ngọc Hải (NHJ) Tiền Giang,1000.0,34000.0,35000.0,34000000.0,35000000.0,35180000.0
2015-08-18,Phượng Hoàng PNJ Đông Á,1000.0,31000.0,31000.0,31000000.0,31000000.0,35180000.0
2015-08-18,SACOMBANK,1000.0,34000.0,35000.0,34000000.0,35000000.0,35180000.0
2015-08-18,VIETNAMGOLD,1000.0,34000.0,35000.0,34000000.0,35000000.0,35180000.0
2015-08-18,VPBANK,1000.0,34000.0,35000.0,34000000.0,35000000.0,35180000.0
2015-08-19,DONGA BANK,1000.0,34000.0,35000.0,34000000.0,35000000.0,35180000.0
2015-08-19,MARITIME BANK,1000.0,34000.0,35000.0,34000000.0,35000000.0,35180000.0
2015-08-19,Ngọc Hải (NHJ) TP.HCM,1000.0,34000.0,35000.0,34000000.0,35000000.0,35180000.0
2015-08-19,Ngọc Hải (NHJ) Tiền Giang,1000.0,34000.0,35000.0,34000000.0,35000000.0,35180000.0
2015-08-19,Phượng Hoàng PNJ Đông Á,1000.0,31000.0,31000.0,31000000.0,31000000.0,35180000.0
2015-08-19,SACOMBANK,1000.0,34000.0,35000.0,34000000.0,35000000.0,35180000.0
2015-08-19,VIETNAMGOLD,1000.0,34000.0,35000.0,34000000.0,35000000.0,35180000.0
2015-08-19,VPBANK,1000.0,34000.0,35000.0,34000000.0,35000000.0,35180000.0
2015-08-20,DONGA BANK,1000.0,34000.0,35000.0,34000000.0,35000000.0,35000000.0
2015-08-20,MARITIME BANK,1000.0,34000.0,35000.0,34000000.0,35000000.0,35000000.0
2015-08-20,Ngọc Hải (NHJ) TP.HCM,1000.0,34000.0,35000.0,34000000.0,35000000.0,35000000.0
2015-08-20,Ngọc Hải (NHJ) Tiền Giang,1000.0,34000.0,35000.0,34000000.0,35000000.0,35000000.0
2015-08-20,SACOMBANK,1000.0,34000.0,35000.0,34000000.0,35000000.0,35000000.0
2015-08-20,VIETNAMGOLD,1000.0,34000.0,35000.0,34000000.0,35000000.0,35000000.0
2015-08-20,VPBANK,1000.0,34000.0,35000.0,34000000.0,35000000.0,35000000.0
2015-08-21,DONGA BANK,1000.0,34000.0,35000.0,34000000.0,35000000.0,35180000.0
2015-08-21,MARITIME BANK,1000.0,34000.0,35000.0,34000000.0,35000000.0,35180000.0
2015-08-21,Ngọc Hải (NHJ) TP.HCM,1000.0,34000.0,35000.0,34000000.0,35000000.0,35180000.0
2015-08-21,Ngọc Hải (NHJ) Tiền Giang,1000.0,34000.0,35000.0,34000000.0,35000000.0,35180000.0
2015-08-21,Phượng Hoàng PNJ Đông Á,1000.0,31000.0,32000.0,31000000.0,32000000.0,35180000.0
2015-08-21,SACOMBANK,1000.0,34000.0,35000.0,34000000.0,35000000.0,35180000.0
2015-08-21,VIETNAMGOLD,1000.0,34000.0,35000.0,34000000.0,35000000.0,35180000.0
2015-08-21,VPBANK,1000.0,34000.0,35000.0,34000000.0,35000000.0,35180000.0
2015-08-22,DONGA BANK,1000.0,34000.0,35000.0,34000000.0,35000000.0,35180000.0
2015-08-22,MARITIME BANK,1000.0,35000.0,35000.0,35000000.0,35000000.0,35180000.0
2015-08-22,Ngọc Hải (NHJ) TP.HCM,1000.0,35000.0,35000.0,35000000.0,35000000.0,35180000.0
2015-08-22,Ngọc Hải (NHJ) Tiền Giang,1000.0,35000.0,35000.0,35000000.0,35000000.0,35180000.0
2015-08-22,Phượng Hoàng PNJ Đông Á,1000.0,32000.0,33000.0,32000000.0,33000000.0,35180000.0
2015-08-22,SACOMBANK,1000.0,35000.0,35000.0,35000000.0,35000000.0,35180000.0
2015-08-22,VIETNAMGOLD,1000.0,35000.0,35000.0,35000000.0,35000000.0,35180000.0
2015-08-22,VPBANK,1000.0,35000.0,35000.0,35000000.0,35000000.0,35180000.0
2015-08-24,DONGA BANK,1000.0,34000.0,35000.0,34000000.0,35000000.0,35180000.0
2015-08-24,MARITIME BANK,1000.0,35000.0,35000.0,35000000.0,35000000.0,35180000.0
2015-08-24,Ngọc Hải (NHJ) TP.HCM,1000.0,35000.0,35000.0,35000000.0,35000000.0,35180000.0
2015-08-24,Ngọc Hải (NHJ) Tiền Giang,1000.0,35000.0,35000.0,35000000.0,35000000.0,35180000.0
2015-08-24,Phượng Hoàng PNJ Đông Á,1000.0,32000.0,32000.0,32000000.0,32000000.0,35180000.0
2015-08-24,SACOMBANK,1000.0,35000.0,35000.0,35000000.0,35000000.0,35180000.0
2015-08-24,VIETNAMGOLD,1000.0,35000.0,35000.0,35000000.0,35000000.0,35180000.0
2015-08-24,VPBANK,1000.0,35000.0,35000.0,35000000.0,35000000.0,35180000.0
2015-08-25,DONGA BANK,1000.0,35000.0,35000.0,35000000.0,35000000.0,35000000.0
2015-08-25,MARITIME BANK,1000.0,35000.0,35000.0,35000000.0,35000000.0,35000000.0
2015-08-25,Ngọc Hải (NHJ) TP.HCM,1000.0,35000.0,35000.0,35000000.0,35000000.0,35000000.0
2015-08-25,Ngọc Hải (NHJ) Tiền Giang,1000.0,35000.0,35000.0,35000000.0,35000000.0,35000000.0
2015-08-25,Phượng Hoàng PNJ Đông Á,1000.0,32000.0,32000.0,32000000.0,32000000.0,35000000.0
2015-08-25,SACOMBANK,1000.0,35000.0,35000.0,35000000.0,35000000.0,35000000.0
2015-08-25,VIETNAMGOLD,1000.0,35000.0,35000.0,35000000.0,35000000.0,35000000.0
2015-08-25,VPBANK,1000.0,35000.0,35000.0,35000000.0,35000000.0,35000000.0
2015-08-26,DONGA BANK,1000.0,35000.0,35000.0,35000000.0,35000000.0,35180000.0
2015-08-26,MARITIME BANK,1000.0,35000.0,35000.0,35000000.0,35000000.0,35180000.0
2015-08-26,Ngọc Hải (NHJ) TP.HCM,1000.0,35000.0,35000.0,35000000.0,35000000.0,35180000.0
2015-08-26,Ngọc Hải (NHJ) Tiền Giang,1000.0,35000.0,35000.0,35000000.0,35000000.0,35180000.0
2015-08-26,Phượng Hoàng PNJ Đông Á,1000.0,32000.0,32000.0,32000000.0,32000000.0,35180000.0
2015-08-26,SACOMBANK,1000.0,35000.0,35000.0,35000000.0,35000000.0,35180000.0
2015-08-26,VIETNAMGOLD,1000.0,35000.0,35000.0,35000000.0,35000000.0,35180000.0
2015-08-26,VPBANK,1000.0,35000.0,35000.0,35000000.0,35000000.0,35180000.0
2015-08-27,DONGA BANK,1000.0,34000.0,35000.0,34000000.0,35000000.0,34680000.0
2015-08-27,MARITIME BANK,1000.0,34000.0,34000.0,34000000.0,34000000.0,34680000.0
2015-08-27,Ngọc Hải (NHJ) TP.HCM,1000.0,34000.0,34000.0,34000000.0,34000000.0,34680000.0
2015-08-27,Ngọc Hải (NHJ) Tiền Giang,1000.0,34000.0,34000.0,34000000.0,34000000.0,34680000.0
2015-08-27,Phượng Hoàng PNJ Đông Á,1000.0,32000.0,32000.0,32000000.0,32000000.0,34680000.0
2015-08-27,SACOMBANK,1000.0,34000.0,34000.0,34000000.0,34000000.0,34680000.0
2015-08-27,VIETNAMGOLD,1000.0,34000.0,34000.0,34000000.0,34000000.0,34680000.0
2015-08-27,VPBANK,1000.0,34000.0,34000.0,34000000.0,34000000.0,34680000.0
2015-08-28,DONGA BANK,1000.0,34000.0,34000.0,34000000.0,34000000.0,34680000.0
2015-08-28,MARITIME BANK,1000.0,34000.0,34000.0,34000000.0,34000000.0,34680000.0
2015-08-28,Ngọc Hải (NHJ) TP.HCM,1000.0,34000.0,34000.0,34000000.0,34000000.0,34680000.0
2015-08-28,Ngọc Hải (NHJ) Tiền Giang,1000.0,34000.0,34000.0,34000000.0,34000000.0,34680000.0
2015-08-28,Phượng Hoàng PNJ Đông Á,1000.0,31000.0,32000.0,31000000.0,32000000.0,34680000.0
2015-08-28,SACOMBANK,1000.0,34000.0,34000.0,34000000.0,34000000.0,34680000.0
2015-08-28,VIETNAMGOLD,1000.0,34000.0,34000.0,34000000.0,34000000.0,34680000.0
2015-08-28,VPBANK,1000.0,34000.0,34000.0,34000000.0,34000000.0,34680000.0
2015-08-29,DONGA BANK,1000.0,34000.0,34000.0,34000000.0,34000000.0,34680000.0
2015-08-29,MARITIME BANK,1000.0,34000.0,34000.0,34000000.0,34000000.0,34680000.0
2015-08-29,Ngọc Hải (NHJ) TP.HCM,1000.0,34000.0,34000.0,34000000.0,34000000.0,34680000.0
2015-08-29,Ngọc Hải (NHJ) Tiền Giang,1000.0,34000.0,34000.0,34000000.0,34000000.0,34680000.0
2015-08-29,Phượng Hoàng PNJ Đông Á,1000.0,31000.0,32000.0,31000000.0,32000000.0,34680000.0
2015-08-29,SACOMBANK,1000.0,34000.0,35000.0,34000000.0,35000000.0,34680000.0
2015-08-29,VIETNAMGOLD,1000.0,34000.0,34000.0,34000000.0,34000000.0,34680000.0
2015-08-29,VPBANK,1000.0,34000.0,34000.0,34000000.0,34000000.0,34680000.0
2015-08-30,DONGA BANK,1000.0,34000.0,34000.0,34000000.0,34000000.0,34680000.0
2015-08-30,MARITIME BANK,1000.0,34000.0,34000.0,34000000.0,34000000.0,34680000.0
2015-08-30,Ngọc Hải (NHJ) TP.HCM,1000.0,34000.0,34000.0,34000000.0,34000000.0,34680000.0
2015-08-30,Ngọc Hải (NHJ) Tiền Giang,1000.0,34000.0,34000.0,34000000.0,34000000.0,34680000.0
2015-08-30,SACOMBANK,1000.0,34000.0,34000.0,34000000.0,34000000.0,34680000.0
2015-08-30,VIETNAMGOLD,1000.0,34000.0,34000.0,34000000.0,34000000.0,34680000.0
2015-08-30,VPBANK,1000.0,34000.0,34000.0,34000000.0,34000000.0,34680000.0
2015-10-28,Ngọc Hải (NHJ) Tiền Giang,10.0,33780000.0,3390000.0,337800000.0,33900000.0,33900000.0
2016-03-26,Ngọc Hải (NHJ) Tiền Giang,0.1,33250000.0,333800000.0,3325000.0,33380000.0,33350000.0
2016-07-13,Phú Qúy SJC,10.0,36400000.0,3670000.0,364000000.0,36700000.0,36750000.0
2016-09-21,VIETNAMGOLD,10.0,36120000.0,3618000.0,361200000.0,36180000.0,36190000.0
2016-10-06,SHB,10.0,35330000.0,3543000.0,353300000.0,35430000.0,35435000.0
2016-10-12,VIETNAMGOLD,10.0,35530000.0,3561000.0,355300000.0,35610000.0,35620000.0
2016-10-19,Ngọc Hải (NHJ) Tiền Giang,10.0,35470000.0,3566000.0,354700000.0,35660000.0,35640000.0
2016-11-09,TPBANK GOLD,10.0,36250000.0,3675000.0,362500000.0,36750000.0,36900000.0
2016-11-18,Phú Qúy SJC,10.0,35600000.0,3575000.0,356000000.0,35750000.0,35790000.0
2016-11-19,Phú Qúy SJC,10.0,35600000.0,3575000.0,356000000.0,35750000.0,35790000.0
2016-11-20,Phú Qúy SJC,10.0,35600000.0,3575000.0,356000000.0,35750000.0,35810000.0
2016-11-21,Phú Qúy SJC,10.0,35700000.0,3575000.0,357000000.0,35750000.0,35840000.0
2016-11-22,Phú Qúy SJC,10.0,35760000.0,3575000.0,357600000.0,35750000.0,35860000.0
2016-11-23,Phú Qúy SJC,10.0,35730000.0,3575000.0,357300000.0,35750000.0,35830000.0
2016-11-24,Phú Qúy SJC,10.0,35400000.0,3575000.0,354000000.0,35750000.0,35585000.0
2017-01-07,MARITIME BANK,10.0,36340000.0,3646000.0,363400000.0,36460000.0,36550000.0
2017-01-09,SCB,10.0,36420000.0,3666000.0,364200000.0,36660000.0,36600000.0
2017-01-12,PNJ TP.HCM,10.0,36350000.0,3662000.0,363500000.0,36620000.0,36550000.0
2017-01-23,Ngọc Hải (NHJ) Tiền Giang,10.0,36400000.0,3685000.0,364000000.0,36850000.0,36620000.0
2017-08-30,Ngọc Hải (NHJ) TP.HCM,10.0,3635000.0,3660000.0,36350000.0,36600000.0,36660000.0
2017-08-30,Ngọc Hải (NHJ) Tiền Giang,10.0,3635000.0,3660000.0,36350000.0,36600000.0,36660000.0
2017-08-30,PNJ Hà Nội,10.0,3661000.0,3669000.0,36610000.0,36690000.0,36660000.0
2017-08-30,PNJ TP.HCM,10.0,36660000.0,3672000.0,366600000.0,36720000.0,36660000.0
2017-08-30,SCB,10.0,3658000.0,3670000.0,36580000.0,36700000.0,36660000.0
2017-08-30,SHB,10.0,3658000.0,3670000.0,36580000.0,36700000.0,36660000.0
2017-08-31,Ngọc Hải (NHJ) TP.HCM,10.0,3530000.0,3550000.0,35300000.0,35500000.0,36480000.0
2017-08-31,Ngọc Hải (NHJ) Tiền Giang,10.0,3530000.0,3550000.0,35300000.0,35500000.0,36480000.0
2017-08-31,PNJ Hà Nội,10.0,3642000.0,3650000.0,36420000.0,36500000.0,36480000.0
2017-08-31,PNJ TP.HCM,10.0,3633000.0,3652000.0,36330000.0,36520000.0,36480000.0
2017-08-31,SCB,10.0,3639000.0,3649000.0,36390000.0,36490000.0,36480000.0
2017-08-31,SHB,10.0,3639000.0,3649000.0,36390000.0,36490000.0,36480000.0
2017-09-01,Ngọc Hải (NHJ) TP.HCM,10.0,3640000.0,3662000.0,36400000.0,36620000.0,36590000.0
2017-09-01,Ngọc Hải (NHJ) Tiền Giang,10.0,3642000.0,3662000.0,36420000.0,36620000.0,36590000.0
2017-09-01,PNJ Hà Nội,10.0,3652000.0,3652000.0,36520000.0,36520000.0,36590000.0
2017-09-01,PNJ TP.HCM,10.0,3646000.0,3665000.0,36460000.0,36650000.0,36590000.0
2017-09-01,SCB,10.0,3648000.0,3658000.0,36480000.0,36580000.0,36590000.0
2017-09-01,SHB,10.0,3650000.0,3660000.0,36500000.0,36600000.0,36590000.0
2017-09-04,Ngọc Hải (NHJ) TP.HCM,10.0,3655000.0,3680000.0,36550000.0,36800000.0,36795000.0
2017-09-04,Ngọc Hải (NHJ) Tiền Giang,10.0,3655000.0,3683000.0,36550000.0,36830000.0,36795000.0
2017-09-04,PNJ Hà Nội,10.0,3662000.0,3682000.0,36620000.0,36820000.0,36795000.0
2017-09-04,SCB,10.0,3648000.0,3658000.0,36480000.0,36580000.0,36795000.0
2017-09-04,SHB,10.0,3648000.0,3660000.0,36480000.0,36600000.0,36795000.0
2017-09-05,Ngọc Hải (NHJ) TP.HCM,10.0,3660000.0,3684000.0,36600000.0,36840000.0,36760000.0
2017-09-05,Ngọc Hải (NHJ) Tiền Giang,10.0,3663000.0,3688000.0,36630000.0,36880000.0,36760000.0
2017-09-05,PNJ Hà Nội,10.0,3671000.0,3681000.0,36710000.0,36810000.0,36760000.0
2017-09-05,PNJ TP.HCM,10.0,3660000.0,3685000.0,36600000.0,36850000.0,36760000.0
2017-09-05,SCB,10.0,3648000.0,3648000.0,36480000.0,36480000.0,36760000.0
2017-09-05,SHB,10.0,3648000.0,3660000.0,36480000.0,36600000.0,36760000.0
2017-09-10,Ngọc Hải (NHJ) TP.HCM,10.0,3688000.0,3712000.0,36880000.0,37120000.0,37100000.0
2017-09-10,Ngọc Hải (NHJ) Tiền Giang,10.0,3688000.0,3712000.0,36880000.0,37120000.0,37100000.0
2017-09-10,PNJ Hà Nội,10.0,3707000.0,3717000.0,37070000.0,37170000.0,37100000.0
2017-09-10,PNJ TP.HCM,10.0,3700000.0,3720000.0,37000000.0,37200000.0,37100000.0
2017-09-10,SCB,10.0,3702000.0,3722000.0,37020000.0,37220000.0,37100000.0
2017-09-10,SHB,10.0,3708000.0,3723000.0,37080000.0,37230000.0,37100000.0
2017-09-29,Ngọc Hải (NHJ) TP.HCM,10.0,3637000.0,3657000.0,36370000.0,36570000.0,36550000.0
2017-09-29,Ngọc Hải (NHJ) Tiền Giang,10.0,3637000.0,3658000.0,36370000.0,36580000.0,36550000.0
2017-09-29,SCB,10.0,6540000.0,3655000.0,65400000.0,36550000.0,36550000.0
2017-09-29,SHB,10.0,3646000.0,3656000.0,36460000.0,36560000.0,36550000.0
2017-10-07,Ngọc Hải (NHJ) TP.HCM,10.0,3640000.0,3659000.0,36400000.0,36590000.0,36570000.0
2017-10-07,Ngọc Hải (NHJ) Tiền Giang,10.0,3638000.0,3638000.0,36380000.0,36380000.0,36570000.0
2017-10-07,SCB,10.0,36480000.0,3653000.0,364800000.0,36530000.0,36570000.0
2017-10-07,SHB,10.0,3643000.0,3653000.0,36430000.0,36530000.0,36570000.0
2017-10-21,Ngọc Hải (NHJ) TP.HCM,10.0,3630000.0,3651000.0,36300000.0,36510000.0,36480000.0
2017-10-21,Ngọc Hải (NHJ) Tiền Giang,10.0,3630000.0,3630000.0,36300000.0,36300000.0,36480000.0
2017-10-21,SCB,10.0,3630000.0,3655000.0,36300000.0,36550000.0,36480000.0
2017-10-21,SHB,10.0,3640000.0,3650000.0,36400000.0,36500000.0,36480000.0
2017-10-28,Ngọc Hải (NHJ) TP.HCM,10.0,3633000.0,3652000.0,36330000.0,36520000.0,36480000.0
2017-10-28,Ngọc Hải (NHJ) Tiền Giang,10.0,3633000.0,3653000.0,36330000.0,36530000.0,36480000.0
2017-10-28,SCB,10.0,3636000.0,3648000.0,36360000.0,36480000.0,36480000.0
2017-10-28,SHB,10.0,3634000.0,3644000.0,36340000.0,36440000.0,36480000.0
2017-12-15,Ngọc Hải (NHJ) TP.HCM,10.0,3628000.0,3649000.0,36280000.0,36490000.0,36440000.0
2017-12-15,Ngọc Hải (NHJ) Tiền Giang,10.0,3629000.0,3649000.0,36290000.0,36490000.0,36440000.0
2017-12-15,SCB,10.0,3638000.0,3652000.0,36380000.0,36520000.0,36440000.0
2018-04-07,Ngọc Hải (NHJ) TP.HCM,10.0,3665000.0,3683000.0,36650000.0,36830000.0,36770000.0
2018-04-07,Ngọc Hải (NHJ) Tiền Giang,10.0,3665000.0,3683000.0,36650000.0,36830000.0,36770000.0
2018-04-07,SCB,10.0,3655000.0,3670000.0,36550000.0,36700000.0,36770000.0
2020-03-04,BTMC SJC,10.0,46950000.0,4745000.0,469500000.0,47450000.0,47400000.0
2020-03-06,BTMC SJC,10.0,46450000.0,4700000.0,464500000.0,47000000.0,47275000.0
2021-09-10,MARITIME BANK,0.1,56200000.0,572400000.0,5620000.0,57240000.0,57750000.0
